index,V1,V2,locality1,locality2,lat1,long1,lat2,long2,FST_lin,CSE,Residuals
1,1,2,"Maricopa County, AZ, USA","Tucson, AZ, USA",33.2918,-112.4291,32.2226,-110.9747,0.0439,0.214461766,NA
2,1,3,"Maricopa County, AZ, USA","Nogales, NM, USA",33.2918,-112.4291,31.3012,-110.9381,0.0544,0.244620951,NA
3,1,4,"Maricopa County, AZ, USA","Hermosillo, SON, MEX",33.2918,-112.4291,29.07296,-110.95591,0.0451,0.272686096,NA
4,1,5,"Maricopa County, AZ, USA","Deming, NM, USA",33.2918,-112.4291,32.2593,-107.7401,0.0652,0.292508415,NA
5,1,6,"Maricopa County, AZ, USA","Las Cruces, NM, USA",33.2918,-112.4291,32.345676,-106.766072,0.0897,0.312575245,NA
6,1,7,"Maricopa County, AZ, USA","Truth of Consequences, NM, USA",33.2918,-112.4291,33.137,-107.2526,0.0979,0.368524498,NA
7,1,8,"Maricopa County, AZ, USA","Socorro, NM, USA",33.2918,-112.4291,34.0578,-106.8976,0.1299,0.385387133,NA
8,1,9,"Maricopa County, AZ, USA","Albuquerque, NM, USA",33.2918,-112.4291,35.0788,-106.6627,0.1203,0.388674622,NA
9,1,10,"Maricopa County, AZ, USA","Alamagordo, NM, USA",33.2918,-112.4291,32.8909,-105.9484,0.1126,0.330089811,NA
10,1,11,"Maricopa County, AZ, USA","Sunland Park, NM, USA",33.2918,-112.4291,31.8073,-106.587,0.0809,0.291465179,NA
11,1,12,"Maricopa County, AZ, USA","Roswell, NM, USA",33.2918,-112.4291,33.4009,-104.5294,0.0847,0.288055058,NA
12,1,13,"Maricopa County, AZ, USA","Carlsbad, NM, USA",33.2918,-112.4291,32.427,-104.243,0.0685,0.341319687,NA
13,1,14,"Maricopa County, AZ, USA","Lovington, NM, USA",33.2918,-112.4291,32.9476,-103.3504,0.0545,0.303511697,NA
14,1,15,"Maricopa County, AZ, USA","Lubbock, TX, USA",33.2918,-112.4291,33.5699,-101.8727,0.083,0.330999089,NA
15,1,16,"Maricopa County, AZ, USA","Dallas, TX, USA",33.2918,-112.4291,32.754256,-96.796889,0.0878,0.299611579,NA
16,1,17,"Maricopa County, AZ, USA","Ellis, TX, USA",33.2918,-112.4291,32.3782,-96.793,0.1084,0.332154736,NA
17,1,18,"Maricopa County, AZ, USA","Cameron, TX, USA",33.2918,-112.4291,26.125309,-97.539184,0.1437,0.356434097,NA
18,1,19,"Maricopa County, AZ, USA","Travis, TX, USA",33.2918,-112.4291,30.2526,-97.778,0.0864,0.301141928,NA
19,1,20,"Maricopa County, AZ, USA","Bexar, TX, USA",33.2918,-112.4291,29.4112,-98.4954,0.0876,0.343884944,NA
20,1,21,"Maricopa County, AZ, USA","Houston, TX, USA",33.2918,-112.4291,29.7628,-95.3831,0.0821,0.343429798,NA
21,1,22,"Maricopa County, AZ, USA","Nueces, TX, USA",33.2918,-112.4291,27.7439,-97.672,0.056,0.283204906,NA
22,1,23,"Maricopa County, AZ, USA","Hidalgo, TX, USA",33.2918,-112.4291,26.3651,-98.1638,0.0788,0.292974708,NA
23,1,24,"Maricopa County, AZ, USA","Juarez, CHIH, MEX",33.2918,-112.4291,31.683,-106.4249,0.0624,0.272322726,NA
24,1,25,"Maricopa County, AZ, USA","Nuevo Leon, NL, MEX",33.2918,-112.4291,25.6803,-100.3133,0.1363,0.394219501,NA
25,1,26,"Maricopa County, AZ, USA","New Orleans LA, USA",33.2918,-112.4291,29.99838,-90.076114,0.0917,0.32557958,NA
26,1,27,"Maricopa County, AZ, USA","Muscogee, GA, USA",33.2918,-112.4291,32.5223,-84.9341,0.1279,0.33471629,NA
27,1,28,"Maricopa County, AZ, USA","St. Augustine, FL, USA",33.2918,-112.4291,29.9134,-81.317743,0.1187,0.353472789,NA
28,1,29,"Maricopa County, AZ, USA","Barberville, FL, USA",33.2918,-112.4291,29.1861,-81.4209,0.1671,0.389329897,NA
29,1,30,"Maricopa County, AZ, USA","Daytona Beach, FL, USA",33.2918,-112.4291,29.2034,-81.0884,0.1161,0.368243745,NA
30,1,31,"Maricopa County, AZ, USA","Orlando, FL, USA",33.2918,-112.4291,28.5496,-81.3754,0.1322,0.392275385,NA
31,1,32,"Maricopa County, AZ, USA","Melbourne, FL, USA",33.2918,-112.4291,28.0785,-80.6838,0.0966,0.342855422,NA
32,1,33,"Maricopa County, AZ, USA","Rio, FL, USA",33.2918,-112.4291,27.2183,-80.24,0.0891,0.310513937,NA
33,1,34,"Maricopa County, AZ, USA","Palm Beach County, FL, USA",33.2918,-112.4291,26.53,-80.0658,0.1,0.33788943,NA
34,1,35,"Maricopa County, AZ, USA","Miami, FL, USA",33.2918,-112.4291,25.7753,-80.2089,0.1093,0.351680486,NA
35,1,36,"Maricopa County, AZ, USA","Fort Myers, FL, USA",33.2918,-112.4291,26.6398,-81.8745,0.1092,0.36147208,NA
36,1,37,"Maricopa County, AZ, USA","Sarasota, FL, USA",33.2918,-112.4291,27.3509,-82.5484,0.0813,0.321279299,NA
37,1,38,"Maricopa County, AZ, USA","Tampa, FL, USA",33.2918,-112.4291,27.9816,-82.4526,0.0993,0.342901639,NA
38,2,3,"Tucson, AZ, USA","Nogales, NM, USA",32.2226,-110.9747,31.3012,-110.9381,0.0537,0.258025409,NA
39,2,4,"Tucson, AZ, USA","Hermosillo, SON, MEX",32.2226,-110.9747,29.07296,-110.95591,0.0763,0.289176902,NA
40,2,5,"Tucson, AZ, USA","Deming, NM, USA",32.2226,-110.9747,32.2593,-107.7401,0.0928,0.319138359,NA
41,2,6,"Tucson, AZ, USA","Las Cruces, NM, USA",32.2226,-110.9747,32.345676,-106.766072,0.135,0.354522328,NA
42,2,7,"Tucson, AZ, USA","Truth of Consequences, NM, USA",32.2226,-110.9747,33.137,-107.2526,0.1193,0.395095867,NA
43,2,8,"Tucson, AZ, USA","Socorro, NM, USA",32.2226,-110.9747,34.0578,-106.8976,0.1641,0.427915068,NA
44,2,9,"Tucson, AZ, USA","Albuquerque, NM, USA",32.2226,-110.9747,35.0788,-106.6627,0.1549,0.4295632,NA
45,2,10,"Tucson, AZ, USA","Alamagordo, NM, USA",32.2226,-110.9747,32.8909,-105.9484,0.1475,0.366435129,NA
46,2,11,"Tucson, AZ, USA","Sunland Park, NM, USA",32.2226,-110.9747,31.8073,-106.587,0.1113,0.322389657,NA
47,2,12,"Tucson, AZ, USA","Roswell, NM, USA",32.2226,-110.9747,33.4009,-104.5294,0.089,0.312491833,NA
48,2,13,"Tucson, AZ, USA","Carlsbad, NM, USA",32.2226,-110.9747,32.427,-104.243,0.1044,0.386294952,NA
49,2,14,"Tucson, AZ, USA","Lovington, NM, USA",32.2226,-110.9747,32.9476,-103.3504,0.1166,0.362975721,NA
50,2,15,"Tucson, AZ, USA","Lubbock, TX, USA",32.2226,-110.9747,33.5699,-101.8727,0.0799,0.328726672,NA
51,2,16,"Tucson, AZ, USA","Dallas, TX, USA",32.2226,-110.9747,32.754256,-96.796889,0.1005,0.322448812,NA
52,2,17,"Tucson, AZ, USA","Ellis, TX, USA",32.2226,-110.9747,32.3782,-96.793,0.1326,0.3600525,NA
53,2,18,"Tucson, AZ, USA","Cameron, TX, USA",32.2226,-110.9747,26.125309,-97.539184,0.1774,0.39586969,NA
54,2,19,"Tucson, AZ, USA","Travis, TX, USA",32.2226,-110.9747,30.2526,-97.778,0.11,0.332894332,NA
55,2,20,"Tucson, AZ, USA","Bexar, TX, USA",32.2226,-110.9747,29.4112,-98.4954,0.1032,0.370085598,NA
56,2,21,"Tucson, AZ, USA","Houston, TX, USA",32.2226,-110.9747,29.7628,-95.3831,0.172,0.399364763,NA
57,2,22,"Tucson, AZ, USA","Nueces, TX, USA",32.2226,-110.9747,27.7439,-97.672,0.0914,0.322008558,NA
58,2,23,"Tucson, AZ, USA","Hidalgo, TX, USA",32.2226,-110.9747,26.3651,-98.1638,0.1271,0.337350785,NA
59,2,24,"Tucson, AZ, USA","Juarez, CHIH, MEX",32.2226,-110.9747,31.683,-106.4249,0.1187,0.321721046,NA
60,2,25,"Tucson, AZ, USA","Nuevo Leon, NL, MEX",32.2226,-110.9747,25.6803,-100.3133,0.1277,0.38257255,NA
61,2,26,"Tucson, AZ, USA","New Orleans LA, USA",32.2226,-110.9747,29.99838,-90.076114,0.109,0.361373197,NA
62,2,27,"Tucson, AZ, USA","Muscogee, GA, USA",32.2226,-110.9747,32.5223,-84.9341,0.1202,0.371796161,NA
63,2,28,"Tucson, AZ, USA","St. Augustine, FL, USA",32.2226,-110.9747,29.9134,-81.317743,0.1446,0.397969399,NA
64,2,29,"Tucson, AZ, USA","Barberville, FL, USA",32.2226,-110.9747,29.1861,-81.4209,0.1811,0.441830254,NA
65,2,30,"Tucson, AZ, USA","Daytona Beach, FL, USA",32.2226,-110.9747,29.2034,-81.0884,0.1812,0.44852077,NA
66,2,31,"Tucson, AZ, USA","Orlando, FL, USA",32.2226,-110.9747,28.5496,-81.3754,0.1726,0.464661128,NA
67,2,32,"Tucson, AZ, USA","Melbourne, FL, USA",32.2226,-110.9747,28.0785,-80.6838,0.1241,0.388669345,NA
68,2,33,"Tucson, AZ, USA","Rio, FL, USA",32.2226,-110.9747,27.2183,-80.24,0.1099,0.367168412,NA
69,2,34,"Tucson, AZ, USA","Palm Beach County, FL, USA",32.2226,-110.9747,26.53,-80.0658,0.1501,0.401829841,NA
70,2,35,"Tucson, AZ, USA","Miami, FL, USA",32.2226,-110.9747,25.7753,-80.2089,0.1416,0.400379061,NA
71,2,36,"Tucson, AZ, USA","Fort Myers, FL, USA",32.2226,-110.9747,26.6398,-81.8745,0.1432,0.407416604,NA
72,2,37,"Tucson, AZ, USA","Sarasota, FL, USA",32.2226,-110.9747,27.3509,-82.5484,0.1115,0.392521251,NA
73,2,38,"Tucson, AZ, USA","Tampa, FL, USA",32.2226,-110.9747,27.9816,-82.4526,0.1228,0.379465895,NA
74,3,4,"Nogales, NM, USA","Hermosillo, SON, MEX",31.3012,-110.9381,29.07296,-110.95591,0.0483,0.200944347,NA
75,3,5,"Nogales, NM, USA","Deming, NM, USA",31.3012,-110.9381,32.2593,-107.7401,0.1472,0.350545453,NA
76,3,6,"Nogales, NM, USA","Las Cruces, NM, USA",31.3012,-110.9381,32.345676,-106.766072,0.1888,0.379797905,NA
77,3,7,"Nogales, NM, USA","Truth of Consequences, NM, USA",31.3012,-110.9381,33.137,-107.2526,0.1326,0.404080298,NA
78,3,8,"Nogales, NM, USA","Socorro, NM, USA",31.3012,-110.9381,34.0578,-106.8976,0.2451,0.489058887,NA
79,3,9,"Nogales, NM, USA","Albuquerque, NM, USA",31.3012,-110.9381,35.0788,-106.6627,0.1683,0.422001085,NA
80,3,10,"Nogales, NM, USA","Alamagordo, NM, USA",31.3012,-110.9381,32.8909,-105.9484,0.1972,0.393364129,NA
81,3,11,"Nogales, NM, USA","Sunland Park, NM, USA",31.3012,-110.9381,31.8073,-106.587,0.1395,0.353884552,NA
82,3,12,"Nogales, NM, USA","Roswell, NM, USA",31.3012,-110.9381,33.4009,-104.5294,0.123,0.337201989,NA
83,3,13,"Nogales, NM, USA","Carlsbad, NM, USA",31.3012,-110.9381,32.427,-104.243,0.1295,0.390974184,NA
84,3,14,"Nogales, NM, USA","Lovington, NM, USA",31.3012,-110.9381,32.9476,-103.3504,0.137,0.374588719,NA
85,3,15,"Nogales, NM, USA","Lubbock, TX, USA",31.3012,-110.9381,33.5699,-101.8727,0.1182,0.364198271,NA
86,3,16,"Nogales, NM, USA","Dallas, TX, USA",31.3012,-110.9381,32.754256,-96.796889,0.137,0.336694418,NA
87,3,17,"Nogales, NM, USA","Ellis, TX, USA",31.3012,-110.9381,32.3782,-96.793,0.1693,0.384665342,NA
88,3,18,"Nogales, NM, USA","Cameron, TX, USA",31.3012,-110.9381,26.125309,-97.539184,0.2538,0.433791054,NA
89,3,19,"Nogales, NM, USA","Travis, TX, USA",31.3012,-110.9381,30.2526,-97.778,0.1338,0.357605457,NA
90,3,20,"Nogales, NM, USA","Bexar, TX, USA",31.3012,-110.9381,29.4112,-98.4954,0.1316,0.378343089,NA
91,3,21,"Nogales, NM, USA","Houston, TX, USA",31.3012,-110.9381,29.7628,-95.3831,0.1536,0.390256342,NA
92,3,22,"Nogales, NM, USA","Nueces, TX, USA",31.3012,-110.9381,27.7439,-97.672,0.1234,0.329908186,NA
93,3,23,"Nogales, NM, USA","Hidalgo, TX, USA",31.3012,-110.9381,26.3651,-98.1638,0.1497,0.361274506,NA
94,3,24,"Nogales, NM, USA","Juarez, CHIH, MEX",31.3012,-110.9381,31.683,-106.4249,0.1427,0.339855161,NA
95,3,25,"Nogales, NM, USA","Nuevo Leon, NL, MEX",31.3012,-110.9381,25.6803,-100.3133,0.2092,0.417430474,NA
96,3,26,"Nogales, NM, USA","New Orleans LA, USA",31.3012,-110.9381,29.99838,-90.076114,0.1335,0.380593265,NA
97,3,27,"Nogales, NM, USA","Muscogee, GA, USA",31.3012,-110.9381,32.5223,-84.9341,0.1176,0.354880345,NA
98,3,28,"Nogales, NM, USA","St. Augustine, FL, USA",31.3012,-110.9381,29.9134,-81.317743,0.1505,0.39203518,NA
99,3,29,"Nogales, NM, USA","Barberville, FL, USA",31.3012,-110.9381,29.1861,-81.4209,0.1962,0.439992078,NA
100,3,30,"Nogales, NM, USA","Daytona Beach, FL, USA",31.3012,-110.9381,29.2034,-81.0884,0.1657,0.418548995,NA
101,3,31,"Nogales, NM, USA","Orlando, FL, USA",31.3012,-110.9381,28.5496,-81.3754,0.1856,0.45350142,NA
102,3,32,"Nogales, NM, USA","Melbourne, FL, USA",31.3012,-110.9381,28.0785,-80.6838,0.1403,0.380257371,NA
103,3,33,"Nogales, NM, USA","Rio, FL, USA",31.3012,-110.9381,27.2183,-80.24,0.1314,0.363351182,NA
104,3,34,"Nogales, NM, USA","Palm Beach County, FL, USA",31.3012,-110.9381,26.53,-80.0658,0.1574,0.400489602,NA
105,3,35,"Nogales, NM, USA","Miami, FL, USA",31.3012,-110.9381,25.7753,-80.2089,0.1497,0.395572597,NA
106,3,36,"Nogales, NM, USA","Fort Myers, FL, USA",31.3012,-110.9381,26.6398,-81.8745,0.1412,0.404418908,NA
107,3,37,"Nogales, NM, USA","Sarasota, FL, USA",31.3012,-110.9381,27.3509,-82.5484,0.1121,0.376323507,NA
108,3,38,"Nogales, NM, USA","Tampa, FL, USA",31.3012,-110.9381,27.9816,-82.4526,0.1448,0.397562976,NA
109,4,5,"Hermosillo, SON, MEX","Deming, NM, USA",29.07296,-110.95591,32.2593,-107.7401,0.0956,0.328732172,NA
110,4,6,"Hermosillo, SON, MEX","Las Cruces, NM, USA",29.07296,-110.95591,32.345676,-106.766072,0.093,0.325921775,NA
111,4,7,"Hermosillo, SON, MEX","Truth of Consequences, NM, USA",29.07296,-110.95591,33.137,-107.2526,0.1351,0.414585055,NA
112,4,8,"Hermosillo, SON, MEX","Socorro, NM, USA",29.07296,-110.95591,34.0578,-106.8976,0.2013,0.475984651,NA
113,4,9,"Hermosillo, SON, MEX","Albuquerque, NM, USA",29.07296,-110.95591,35.0788,-106.6627,0.1451,0.395623674,NA
114,4,10,"Hermosillo, SON, MEX","Alamagordo, NM, USA",29.07296,-110.95591,32.8909,-105.9484,0.129,0.360684948,NA
115,4,11,"Hermosillo, SON, MEX","Sunland Park, NM, USA",29.07296,-110.95591,31.8073,-106.587,0.1042,0.331452421,NA
116,4,12,"Hermosillo, SON, MEX","Roswell, NM, USA",29.07296,-110.95591,33.4009,-104.5294,0.0957,0.325741492,NA
117,4,13,"Hermosillo, SON, MEX","Carlsbad, NM, USA",29.07296,-110.95591,32.427,-104.243,0.0811,0.342535528,NA
118,4,14,"Hermosillo, SON, MEX","Lovington, NM, USA",29.07296,-110.95591,32.9476,-103.3504,0.0757,0.331360975,NA
119,4,15,"Hermosillo, SON, MEX","Lubbock, TX, USA",29.07296,-110.95591,33.5699,-101.8727,0.0852,0.3496902,NA
120,4,16,"Hermosillo, SON, MEX","Dallas, TX, USA",29.07296,-110.95591,32.754256,-96.796889,0.0935,0.307047701,NA
121,4,17,"Hermosillo, SON, MEX","Ellis, TX, USA",29.07296,-110.95591,32.3782,-96.793,0.1164,0.346559145,NA
122,4,18,"Hermosillo, SON, MEX","Cameron, TX, USA",29.07296,-110.95591,26.125309,-97.539184,0.1629,0.399720668,NA
123,4,19,"Hermosillo, SON, MEX","Travis, TX, USA",29.07296,-110.95591,30.2526,-97.778,0.0975,0.339483454,NA
124,4,20,"Hermosillo, SON, MEX","Bexar, TX, USA",29.07296,-110.95591,29.4112,-98.4954,0.0893,0.353256853,NA
125,4,21,"Hermosillo, SON, MEX","Houston, TX, USA",29.07296,-110.95591,29.7628,-95.3831,0.0964,0.358214129,NA
126,4,22,"Hermosillo, SON, MEX","Nueces, TX, USA",29.07296,-110.95591,27.7439,-97.672,0.065,0.28182093,NA
127,4,23,"Hermosillo, SON, MEX","Hidalgo, TX, USA",29.07296,-110.95591,26.3651,-98.1638,0.0889,0.326248353,NA
128,4,24,"Hermosillo, SON, MEX","Juarez, CHIH, MEX",29.07296,-110.95591,31.683,-106.4249,0.075,0.297806717,NA
129,4,25,"Hermosillo, SON, MEX","Nuevo Leon, NL, MEX",29.07296,-110.95591,25.6803,-100.3133,0.1406,0.389434231,NA
130,4,26,"Hermosillo, SON, MEX","New Orleans LA, USA",29.07296,-110.95591,29.99838,-90.076114,0.0948,0.343518409,NA
131,4,27,"Hermosillo, SON, MEX","Muscogee, GA, USA",29.07296,-110.95591,32.5223,-84.9341,0.152,0.380562417,NA
132,4,28,"Hermosillo, SON, MEX","St. Augustine, FL, USA",29.07296,-110.95591,29.9134,-81.317743,0.1257,0.370678216,NA
133,4,29,"Hermosillo, SON, MEX","Barberville, FL, USA",29.07296,-110.95591,29.1861,-81.4209,0.2219,0.448167662,NA
134,4,30,"Hermosillo, SON, MEX","Daytona Beach, FL, USA",29.07296,-110.95591,29.2034,-81.0884,0.1359,0.408180914,NA
135,4,31,"Hermosillo, SON, MEX","Orlando, FL, USA",29.07296,-110.95591,28.5496,-81.3754,0.1672,0.441749506,NA
136,4,32,"Hermosillo, SON, MEX","Melbourne, FL, USA",29.07296,-110.95591,28.0785,-80.6838,0.1118,0.368831664,NA
137,4,33,"Hermosillo, SON, MEX","Rio, FL, USA",29.07296,-110.95591,27.2183,-80.24,0.1184,0.352685967,NA
138,4,34,"Hermosillo, SON, MEX","Palm Beach County, FL, USA",29.07296,-110.95591,26.53,-80.0658,0.1308,0.384530026,NA
139,4,35,"Hermosillo, SON, MEX","Miami, FL, USA",29.07296,-110.95591,25.7753,-80.2089,0.1261,0.375308241,NA
140,4,36,"Hermosillo, SON, MEX","Fort Myers, FL, USA",29.07296,-110.95591,26.6398,-81.8745,0.1209,0.381236199,NA
141,4,37,"Hermosillo, SON, MEX","Sarasota, FL, USA",29.07296,-110.95591,27.3509,-82.5484,0.1183,0.373484827,NA
142,4,38,"Hermosillo, SON, MEX","Tampa, FL, USA",29.07296,-110.95591,27.9816,-82.4526,0.1398,0.392609575,NA
143,5,6,"Deming, NM, USA","Las Cruces, NM, USA",32.2593,-107.7401,32.345676,-106.766072,0.0345,0.240310611,NA
144,5,7,"Deming, NM, USA","Truth of Consequences, NM, USA",32.2593,-107.7401,33.137,-107.2526,0.0805,0.342832698,NA
145,5,8,"Deming, NM, USA","Socorro, NM, USA",32.2593,-107.7401,34.0578,-106.8976,0.0611,0.341963895,NA
146,5,9,"Deming, NM, USA","Albuquerque, NM, USA",32.2593,-107.7401,35.0788,-106.6627,0.0995,0.376271622,NA
147,5,10,"Deming, NM, USA","Alamagordo, NM, USA",32.2593,-107.7401,32.8909,-105.9484,0.0398,0.258947801,NA
148,5,11,"Deming, NM, USA","Sunland Park, NM, USA",32.2593,-107.7401,31.8073,-106.587,0.0229,0.206864494,NA
149,5,12,"Deming, NM, USA","Roswell, NM, USA",32.2593,-107.7401,33.4009,-104.5294,0.0617,0.278587699,NA
150,5,13,"Deming, NM, USA","Carlsbad, NM, USA",32.2593,-107.7401,32.427,-104.243,0.0428,0.331763865,NA
151,5,14,"Deming, NM, USA","Lovington, NM, USA",32.2593,-107.7401,32.9476,-103.3504,0.0678,0.324290871,NA
152,5,15,"Deming, NM, USA","Lubbock, TX, USA",32.2593,-107.7401,33.5699,-101.8727,0.0524,0.31857744,NA
153,5,16,"Deming, NM, USA","Dallas, TX, USA",32.2593,-107.7401,32.754256,-96.796889,0.0532,0.278585694,NA
154,5,17,"Deming, NM, USA","Ellis, TX, USA",32.2593,-107.7401,32.3782,-96.793,0.0648,0.313877916,NA
155,5,18,"Deming, NM, USA","Cameron, TX, USA",32.2593,-107.7401,26.125309,-97.539184,0.0645,0.343191187,NA
156,5,19,"Deming, NM, USA","Travis, TX, USA",32.2593,-107.7401,30.2526,-97.778,0.0683,0.314208428,NA
157,5,20,"Deming, NM, USA","Bexar, TX, USA",32.2593,-107.7401,29.4112,-98.4954,0.064,0.326905838,NA
158,5,21,"Deming, NM, USA","Houston, TX, USA",32.2593,-107.7401,29.7628,-95.3831,0.0958,0.361106914,NA
159,5,22,"Deming, NM, USA","Nueces, TX, USA",32.2593,-107.7401,27.7439,-97.672,0.0379,0.289439659,NA
160,5,23,"Deming, NM, USA","Hidalgo, TX, USA",32.2593,-107.7401,26.3651,-98.1638,0.03,0.271400003,NA
161,5,24,"Deming, NM, USA","Juarez, CHIH, MEX",32.2593,-107.7401,31.683,-106.4249,0.0204,0.216983785,NA
162,5,25,"Deming, NM, USA","Nuevo Leon, NL, MEX",32.2593,-107.7401,25.6803,-100.3133,0.0572,0.33770755,NA
163,5,26,"Deming, NM, USA","New Orleans LA, USA",32.2593,-107.7401,29.99838,-90.076114,0.0602,0.313387837,NA
164,5,27,"Deming, NM, USA","Muscogee, GA, USA",32.2593,-107.7401,32.5223,-84.9341,0.1099,0.346455897,NA
165,5,28,"Deming, NM, USA","St. Augustine, FL, USA",32.2593,-107.7401,29.9134,-81.317743,0.0642,0.347324054,NA
166,5,29,"Deming, NM, USA","Barberville, FL, USA",32.2593,-107.7401,29.1861,-81.4209,0.134,0.390628494,NA
167,5,30,"Deming, NM, USA","Daytona Beach, FL, USA",32.2593,-107.7401,29.2034,-81.0884,0.085,0.378397135,NA
168,5,31,"Deming, NM, USA","Orlando, FL, USA",32.2593,-107.7401,28.5496,-81.3754,0.0952,0.414051595,NA
169,5,32,"Deming, NM, USA","Melbourne, FL, USA",32.2593,-107.7401,28.0785,-80.6838,0.0632,0.360001291,NA
170,5,33,"Deming, NM, USA","Rio, FL, USA",32.2593,-107.7401,27.2183,-80.24,0.0706,0.341560814,NA
171,5,34,"Deming, NM, USA","Palm Beach County, FL, USA",32.2593,-107.7401,26.53,-80.0658,0.0713,0.352737129,NA
172,5,35,"Deming, NM, USA","Miami, FL, USA",32.2593,-107.7401,25.7753,-80.2089,0.0638,0.350740557,NA
173,5,36,"Deming, NM, USA","Fort Myers, FL, USA",32.2593,-107.7401,26.6398,-81.8745,0.073,0.375236857,NA
174,5,37,"Deming, NM, USA","Sarasota, FL, USA",32.2593,-107.7401,27.3509,-82.5484,0.072,0.347488513,NA
175,5,38,"Deming, NM, USA","Tampa, FL, USA",32.2593,-107.7401,27.9816,-82.4526,0.0612,0.348850997,NA
176,6,7,"Las Cruces, NM, USA","Truth of Consequences, NM, USA",32.345676,-106.766072,33.137,-107.2526,0.1108,0.347083828,NA
177,6,8,"Las Cruces, NM, USA","Socorro, NM, USA",32.345676,-106.766072,34.0578,-106.8976,0.0911,0.341461932,NA
178,6,9,"Las Cruces, NM, USA","Albuquerque, NM, USA",32.345676,-106.766072,35.0788,-106.6627,0.1275,0.391141665,NA
179,6,10,"Las Cruces, NM, USA","Alamagordo, NM, USA",32.345676,-106.766072,32.8909,-105.9484,0.0509,0.240953777,NA
180,6,11,"Las Cruces, NM, USA","Sunland Park, NM, USA",32.345676,-106.766072,31.8073,-106.587,0.0445,0.232256341,NA
181,6,12,"Las Cruces, NM, USA","Roswell, NM, USA",32.345676,-106.766072,33.4009,-104.5294,0.0843,0.296543614,NA
182,6,13,"Las Cruces, NM, USA","Carlsbad, NM, USA",32.345676,-106.766072,32.427,-104.243,0.076,0.356463953,NA
183,6,14,"Las Cruces, NM, USA","Lovington, NM, USA",32.345676,-106.766072,32.9476,-103.3504,0.0886,0.349003117,NA
184,6,15,"Las Cruces, NM, USA","Lubbock, TX, USA",32.345676,-106.766072,33.5699,-101.8727,0.0695,0.335334452,NA
185,6,16,"Las Cruces, NM, USA","Dallas, TX, USA",32.345676,-106.766072,32.754256,-96.796889,0.0725,0.28804881,NA
186,6,17,"Las Cruces, NM, USA","Ellis, TX, USA",32.345676,-106.766072,32.3782,-96.793,0.0835,0.310986732,NA
187,6,18,"Las Cruces, NM, USA","Cameron, TX, USA",32.345676,-106.766072,26.125309,-97.539184,0.0767,0.339158944,NA
188,6,19,"Las Cruces, NM, USA","Travis, TX, USA",32.345676,-106.766072,30.2526,-97.778,0.0821,0.316856422,NA
189,6,20,"Las Cruces, NM, USA","Bexar, TX, USA",32.345676,-106.766072,29.4112,-98.4954,0.0757,0.310208454,NA
190,6,21,"Las Cruces, NM, USA","Houston, TX, USA",32.345676,-106.766072,29.7628,-95.3831,0.0994,0.353861614,NA
191,6,22,"Las Cruces, NM, USA","Nueces, TX, USA",32.345676,-106.766072,27.7439,-97.672,0.0562,0.298712506,NA
192,6,23,"Las Cruces, NM, USA","Hidalgo, TX, USA",32.345676,-106.766072,26.3651,-98.1638,0.0406,0.260869524,NA
193,6,24,"Las Cruces, NM, USA","Juarez, CHIH, MEX",32.345676,-106.766072,31.683,-106.4249,0.0248,0.220375935,NA
194,6,25,"Las Cruces, NM, USA","Nuevo Leon, NL, MEX",32.345676,-106.766072,25.6803,-100.3133,0.1217,0.40219779,NA
195,6,26,"Las Cruces, NM, USA","New Orleans LA, USA",32.345676,-106.766072,29.99838,-90.076114,0.0689,0.321450867,NA
196,6,27,"Las Cruces, NM, USA","Muscogee, GA, USA",32.345676,-106.766072,32.5223,-84.9341,0.1732,0.400877646,NA
197,6,28,"Las Cruces, NM, USA","St. Augustine, FL, USA",32.345676,-106.766072,29.9134,-81.317743,0.1002,0.347932346,NA
198,6,29,"Las Cruces, NM, USA","Barberville, FL, USA",32.345676,-106.766072,29.1861,-81.4209,0.1836,0.407960433,NA
199,6,30,"Las Cruces, NM, USA","Daytona Beach, FL, USA",32.345676,-106.766072,29.2034,-81.0884,0.1252,0.389762437,NA
200,6,31,"Las Cruces, NM, USA","Orlando, FL, USA",32.345676,-106.766072,28.5496,-81.3754,0.1423,0.413463125,NA
201,6,32,"Las Cruces, NM, USA","Melbourne, FL, USA",32.345676,-106.766072,28.0785,-80.6838,0.0874,0.368254379,NA
202,6,33,"Las Cruces, NM, USA","Rio, FL, USA",32.345676,-106.766072,27.2183,-80.24,0.1053,0.353791693,NA
203,6,34,"Las Cruces, NM, USA","Palm Beach County, FL, USA",32.345676,-106.766072,26.53,-80.0658,0.1021,0.353117999,NA
204,6,35,"Las Cruces, NM, USA","Miami, FL, USA",32.345676,-106.766072,25.7753,-80.2089,0.0959,0.360002984,NA
205,6,36,"Las Cruces, NM, USA","Fort Myers, FL, USA",32.345676,-106.766072,26.6398,-81.8745,0.1224,0.391046264,NA
206,6,37,"Las Cruces, NM, USA","Sarasota, FL, USA",32.345676,-106.766072,27.3509,-82.5484,0.1098,0.357355161,NA
207,6,38,"Las Cruces, NM, USA","Tampa, FL, USA",32.345676,-106.766072,27.9816,-82.4526,0.1185,0.373697923,NA
208,7,8,"Truth of Consequences, NM, USA","Socorro, NM, USA",33.137,-107.2526,34.0578,-106.8976,0.145,0.416658369,NA
209,7,9,"Truth of Consequences, NM, USA","Albuquerque, NM, USA",33.137,-107.2526,35.0788,-106.6627,0.1601,0.42601962,NA
210,7,10,"Truth of Consequences, NM, USA","Alamagordo, NM, USA",33.137,-107.2526,32.8909,-105.9484,0.1209,0.354116277,NA
211,7,11,"Truth of Consequences, NM, USA","Sunland Park, NM, USA",33.137,-107.2526,31.8073,-106.587,0.0756,0.305559383,NA
212,7,12,"Truth of Consequences, NM, USA","Roswell, NM, USA",33.137,-107.2526,33.4009,-104.5294,0.0534,0.305789604,NA
213,7,13,"Truth of Consequences, NM, USA","Carlsbad, NM, USA",33.137,-107.2526,32.427,-104.243,0.0491,0.368197211,NA
214,7,14,"Truth of Consequences, NM, USA","Lovington, NM, USA",33.137,-107.2526,32.9476,-103.3504,0.1043,0.394009477,NA
215,7,15,"Truth of Consequences, NM, USA","Lubbock, TX, USA",33.137,-107.2526,33.5699,-101.8727,0.1225,0.385480239,NA
216,7,16,"Truth of Consequences, NM, USA","Dallas, TX, USA",33.137,-107.2526,32.754256,-96.796889,0.1168,0.37040387,NA
217,7,17,"Truth of Consequences, NM, USA","Ellis, TX, USA",33.137,-107.2526,32.3782,-96.793,0.1331,0.402872791,NA
218,7,18,"Truth of Consequences, NM, USA","Cameron, TX, USA",33.137,-107.2526,26.125309,-97.539184,0.1683,0.42150622,NA
219,7,19,"Truth of Consequences, NM, USA","Travis, TX, USA",33.137,-107.2526,30.2526,-97.778,0.0905,0.356715454,NA
220,7,20,"Truth of Consequences, NM, USA","Bexar, TX, USA",33.137,-107.2526,29.4112,-98.4954,0.0891,0.362382171,NA
221,7,21,"Truth of Consequences, NM, USA","Houston, TX, USA",33.137,-107.2526,29.7628,-95.3831,0.2281,0.485067967,NA
222,7,22,"Truth of Consequences, NM, USA","Nueces, TX, USA",33.137,-107.2526,27.7439,-97.672,0.1127,0.400563463,NA
223,7,23,"Truth of Consequences, NM, USA","Hidalgo, TX, USA",33.137,-107.2526,26.3651,-98.1638,0.1171,0.380802768,NA
224,7,24,"Truth of Consequences, NM, USA","Juarez, CHIH, MEX",33.137,-107.2526,31.683,-106.4249,0.0825,0.320108746,NA
225,7,25,"Truth of Consequences, NM, USA","Nuevo Leon, NL, MEX",33.137,-107.2526,25.6803,-100.3133,0.1837,0.486001216,NA
226,7,26,"Truth of Consequences, NM, USA","New Orleans LA, USA",33.137,-107.2526,29.99838,-90.076114,0.0722,0.347114762,NA
227,7,27,"Truth of Consequences, NM, USA","Muscogee, GA, USA",33.137,-107.2526,32.5223,-84.9341,0.0748,0.325831049,NA
228,7,28,"Truth of Consequences, NM, USA","St. Augustine, FL, USA",33.137,-107.2526,29.9134,-81.317743,0.0994,0.37772696,NA
229,7,29,"Truth of Consequences, NM, USA","Barberville, FL, USA",33.137,-107.2526,29.1861,-81.4209,0.1323,0.404859039,NA
230,7,30,"Truth of Consequences, NM, USA","Daytona Beach, FL, USA",33.137,-107.2526,29.2034,-81.0884,0.1042,0.413145441,NA
231,7,31,"Truth of Consequences, NM, USA","Orlando, FL, USA",33.137,-107.2526,28.5496,-81.3754,0.0953,0.402964097,NA
232,7,32,"Truth of Consequences, NM, USA","Melbourne, FL, USA",33.137,-107.2526,28.0785,-80.6838,0.0928,0.404025276,NA
233,7,33,"Truth of Consequences, NM, USA","Rio, FL, USA",33.137,-107.2526,27.2183,-80.24,0.0847,0.374169712,NA
234,7,34,"Truth of Consequences, NM, USA","Palm Beach County, FL, USA",33.137,-107.2526,26.53,-80.0658,0.1,0.376825251,NA
235,7,35,"Truth of Consequences, NM, USA","Miami, FL, USA",33.137,-107.2526,25.7753,-80.2089,0.0928,0.380202576,NA
236,7,36,"Truth of Consequences, NM, USA","Fort Myers, FL, USA",33.137,-107.2526,26.6398,-81.8745,0.0925,0.379707976,NA
237,7,37,"Truth of Consequences, NM, USA","Sarasota, FL, USA",33.137,-107.2526,27.3509,-82.5484,0.0551,0.344399727,NA
238,7,38,"Truth of Consequences, NM, USA","Tampa, FL, USA",33.137,-107.2526,27.9816,-82.4526,0.0989,0.382482962,NA
239,8,9,"Socorro, NM, USA","Albuquerque, NM, USA",34.0578,-106.8976,35.0788,-106.6627,0.1304,0.421810833,NA
240,8,10,"Socorro, NM, USA","Alamagordo, NM, USA",34.0578,-106.8976,32.8909,-105.9484,0.0457,0.318841701,NA
241,8,11,"Socorro, NM, USA","Sunland Park, NM, USA",34.0578,-106.8976,31.8073,-106.587,0.0488,0.316471437,NA
242,8,12,"Socorro, NM, USA","Roswell, NM, USA",34.0578,-106.8976,33.4009,-104.5294,0.1184,0.395119632,NA
243,8,13,"Socorro, NM, USA","Carlsbad, NM, USA",34.0578,-106.8976,32.427,-104.243,0.1265,0.412544954,NA
244,8,14,"Socorro, NM, USA","Lovington, NM, USA",34.0578,-106.8976,32.9476,-103.3504,0.0918,0.381376885,NA
245,8,15,"Socorro, NM, USA","Lubbock, TX, USA",34.0578,-106.8976,33.5699,-101.8727,0.0826,0.388001939,NA
246,8,16,"Socorro, NM, USA","Dallas, TX, USA",34.0578,-106.8976,32.754256,-96.796889,0.0959,0.375470241,NA
247,8,17,"Socorro, NM, USA","Ellis, TX, USA",34.0578,-106.8976,32.3782,-96.793,0.0826,0.367806854,NA
248,8,18,"Socorro, NM, USA","Cameron, TX, USA",34.0578,-106.8976,26.125309,-97.539184,0.1508,0.433468823,NA
249,8,19,"Socorro, NM, USA","Travis, TX, USA",34.0578,-106.8976,30.2526,-97.778,0.078,0.377150631,NA
250,8,20,"Socorro, NM, USA","Bexar, TX, USA",34.0578,-106.8976,29.4112,-98.4954,0.0863,0.39849085,NA
251,8,21,"Socorro, NM, USA","Houston, TX, USA",34.0578,-106.8976,29.7628,-95.3831,0.1925,0.447944266,NA
252,8,22,"Socorro, NM, USA","Nueces, TX, USA",34.0578,-106.8976,27.7439,-97.672,0.1118,0.427902769,NA
253,8,23,"Socorro, NM, USA","Hidalgo, TX, USA",34.0578,-106.8976,26.3651,-98.1638,0.0767,0.360229147,NA
254,8,24,"Socorro, NM, USA","Juarez, CHIH, MEX",34.0578,-106.8976,31.683,-106.4249,0.0913,0.358111523,NA
255,8,25,"Socorro, NM, USA","Nuevo Leon, NL, MEX",34.0578,-106.8976,25.6803,-100.3133,0.1396,0.475036768,NA
256,8,26,"Socorro, NM, USA","New Orleans LA, USA",34.0578,-106.8976,29.99838,-90.076114,0.1095,0.414131948,NA
257,8,27,"Socorro, NM, USA","Muscogee, GA, USA",34.0578,-106.8976,32.5223,-84.9341,0.1731,0.45273105,NA
258,8,28,"Socorro, NM, USA","St. Augustine, FL, USA",34.0578,-106.8976,29.9134,-81.317743,0.0891,0.420396017,NA
259,8,29,"Socorro, NM, USA","Barberville, FL, USA",34.0578,-106.8976,29.1861,-81.4209,0.1608,0.449660595,NA
260,8,30,"Socorro, NM, USA","Daytona Beach, FL, USA",34.0578,-106.8976,29.2034,-81.0884,0.1557,0.472609132,NA
261,8,31,"Socorro, NM, USA","Orlando, FL, USA",34.0578,-106.8976,28.5496,-81.3754,0.1496,0.478643849,NA
262,8,32,"Socorro, NM, USA","Melbourne, FL, USA",34.0578,-106.8976,28.0785,-80.6838,0.1119,0.450462817,NA
263,8,33,"Socorro, NM, USA","Rio, FL, USA",34.0578,-106.8976,27.2183,-80.24,0.1062,0.420181855,NA
264,8,34,"Socorro, NM, USA","Palm Beach County, FL, USA",34.0578,-106.8976,26.53,-80.0658,0.1178,0.438701236,NA
265,8,35,"Socorro, NM, USA","Miami, FL, USA",34.0578,-106.8976,25.7753,-80.2089,0.1145,0.429737735,NA
266,8,36,"Socorro, NM, USA","Fort Myers, FL, USA",34.0578,-106.8976,26.6398,-81.8745,0.1351,0.471146574,NA
267,8,37,"Socorro, NM, USA","Sarasota, FL, USA",34.0578,-106.8976,27.3509,-82.5484,0.1237,0.426150879,NA
268,8,38,"Socorro, NM, USA","Tampa, FL, USA",34.0578,-106.8976,27.9816,-82.4526,0.0908,0.429263341,NA
269,9,10,"Albuquerque, NM, USA","Alamagordo, NM, USA",35.0788,-106.6627,32.8909,-105.9484,0.1241,0.384410351,NA
270,9,11,"Albuquerque, NM, USA","Sunland Park, NM, USA",35.0788,-106.6627,31.8073,-106.587,0.086,0.342497988,NA
271,9,12,"Albuquerque, NM, USA","Roswell, NM, USA",35.0788,-106.6627,33.4009,-104.5294,0.1403,0.406654117,NA
272,9,13,"Albuquerque, NM, USA","Carlsbad, NM, USA",35.0788,-106.6627,32.427,-104.243,0.1048,0.40003234,NA
273,9,14,"Albuquerque, NM, USA","Lovington, NM, USA",35.0788,-106.6627,32.9476,-103.3504,0.1439,0.401981802,NA
274,9,15,"Albuquerque, NM, USA","Lubbock, TX, USA",35.0788,-106.6627,33.5699,-101.8727,0.0994,0.394706391,NA
275,9,16,"Albuquerque, NM, USA","Dallas, TX, USA",35.0788,-106.6627,32.754256,-96.796889,0.1069,0.377849512,NA
276,9,17,"Albuquerque, NM, USA","Ellis, TX, USA",35.0788,-106.6627,32.3782,-96.793,0.146,0.403195057,NA
277,9,18,"Albuquerque, NM, USA","Cameron, TX, USA",35.0788,-106.6627,26.125309,-97.539184,0.1914,0.450050162,NA
278,9,19,"Albuquerque, NM, USA","Travis, TX, USA",35.0788,-106.6627,30.2526,-97.778,0.142,0.417113778,NA
279,9,20,"Albuquerque, NM, USA","Bexar, TX, USA",35.0788,-106.6627,29.4112,-98.4954,0.1253,0.397575477,NA
280,9,21,"Albuquerque, NM, USA","Houston, TX, USA",35.0788,-106.6627,29.7628,-95.3831,0.1996,0.450183387,NA
281,9,22,"Albuquerque, NM, USA","Nueces, TX, USA",35.0788,-106.6627,27.7439,-97.672,0.1188,0.390557062,NA
282,9,23,"Albuquerque, NM, USA","Hidalgo, TX, USA",35.0788,-106.6627,26.3651,-98.1638,0.0926,0.371800892,NA
283,9,24,"Albuquerque, NM, USA","Juarez, CHIH, MEX",35.0788,-106.6627,31.683,-106.4249,0.1004,0.362898878,NA
284,9,25,"Albuquerque, NM, USA","Nuevo Leon, NL, MEX",35.0788,-106.6627,25.6803,-100.3133,0.1713,0.472638467,NA
285,9,26,"Albuquerque, NM, USA","New Orleans LA, USA",35.0788,-106.6627,29.99838,-90.076114,0.0891,0.400255766,NA
286,9,27,"Albuquerque, NM, USA","Muscogee, GA, USA",35.0788,-106.6627,32.5223,-84.9341,0.1136,0.411363219,NA
287,9,28,"Albuquerque, NM, USA","St. Augustine, FL, USA",35.0788,-106.6627,29.9134,-81.317743,0.0979,0.40681387,NA
288,9,29,"Albuquerque, NM, USA","Barberville, FL, USA",35.0788,-106.6627,29.1861,-81.4209,0.1152,0.435563605,NA
289,9,30,"Albuquerque, NM, USA","Daytona Beach, FL, USA",35.0788,-106.6627,29.2034,-81.0884,0.1274,0.458198212,NA
290,9,31,"Albuquerque, NM, USA","Orlando, FL, USA",35.0788,-106.6627,28.5496,-81.3754,0.1552,0.474829357,NA
291,9,32,"Albuquerque, NM, USA","Melbourne, FL, USA",35.0788,-106.6627,28.0785,-80.6838,0.1235,0.429967022,NA
292,9,33,"Albuquerque, NM, USA","Rio, FL, USA",35.0788,-106.6627,27.2183,-80.24,0.0899,0.40391172,NA
293,9,34,"Albuquerque, NM, USA","Palm Beach County, FL, USA",35.0788,-106.6627,26.53,-80.0658,0.1155,0.42818806,NA
294,9,35,"Albuquerque, NM, USA","Miami, FL, USA",35.0788,-106.6627,25.7753,-80.2089,0.0913,0.419435912,NA
295,9,36,"Albuquerque, NM, USA","Fort Myers, FL, USA",35.0788,-106.6627,26.6398,-81.8745,0.1418,0.453134628,NA
296,9,37,"Albuquerque, NM, USA","Sarasota, FL, USA",35.0788,-106.6627,27.3509,-82.5484,0.0772,0.384867125,NA
297,9,38,"Albuquerque, NM, USA","Tampa, FL, USA",35.0788,-106.6627,27.9816,-82.4526,0.1332,0.450480001,NA
298,10,11,"Alamagordo, NM, USA","Sunland Park, NM, USA",32.8909,-105.9484,31.8073,-106.587,0.0478,0.234808331,NA
299,10,12,"Alamagordo, NM, USA","Roswell, NM, USA",32.8909,-105.9484,33.4009,-104.5294,0.0846,0.291161025,NA
300,10,13,"Alamagordo, NM, USA","Carlsbad, NM, USA",32.8909,-105.9484,32.427,-104.243,0.0913,0.350140599,NA
301,10,14,"Alamagordo, NM, USA","Lovington, NM, USA",32.8909,-105.9484,32.9476,-103.3504,0.0906,0.366145175,NA
302,10,15,"Alamagordo, NM, USA","Lubbock, TX, USA",32.8909,-105.9484,33.5699,-101.8727,0.0857,0.350181378,NA
303,10,16,"Alamagordo, NM, USA","Dallas, TX, USA",32.8909,-105.9484,32.754256,-96.796889,0.0749,0.288249623,NA
304,10,17,"Alamagordo, NM, USA","Ellis, TX, USA",32.8909,-105.9484,32.3782,-96.793,0.0709,0.305748449,NA
305,10,18,"Alamagordo, NM, USA","Cameron, TX, USA",32.8909,-105.9484,26.125309,-97.539184,0.1012,0.357967264,NA
306,10,19,"Alamagordo, NM, USA","Travis, TX, USA",32.8909,-105.9484,30.2526,-97.778,0.0816,0.320164684,NA
307,10,20,"Alamagordo, NM, USA","Bexar, TX, USA",32.8909,-105.9484,29.4112,-98.4954,0.0707,0.327496944,NA
308,10,21,"Alamagordo, NM, USA","Houston, TX, USA",32.8909,-105.9484,29.7628,-95.3831,0.1485,0.415178126,NA
309,10,22,"Alamagordo, NM, USA","Nueces, TX, USA",32.8909,-105.9484,27.7439,-97.672,0.0683,0.301587051,NA
310,10,23,"Alamagordo, NM, USA","Hidalgo, TX, USA",32.8909,-105.9484,26.3651,-98.1638,0.0666,0.294605129,NA
311,10,24,"Alamagordo, NM, USA","Juarez, CHIH, MEX",32.8909,-105.9484,31.683,-106.4249,0.0412,0.207879073,NA
312,10,25,"Alamagordo, NM, USA","Nuevo Leon, NL, MEX",32.8909,-105.9484,25.6803,-100.3133,0.0855,0.371617467,NA
313,10,26,"Alamagordo, NM, USA","New Orleans LA, USA",32.8909,-105.9484,29.99838,-90.076114,0.0859,0.346007376,NA
314,10,27,"Alamagordo, NM, USA","Muscogee, GA, USA",32.8909,-105.9484,32.5223,-84.9341,0.1641,0.401038753,NA
315,10,28,"Alamagordo, NM, USA","St. Augustine, FL, USA",32.8909,-105.9484,29.9134,-81.317743,0.0798,0.328286735,NA
316,10,29,"Alamagordo, NM, USA","Barberville, FL, USA",32.8909,-105.9484,29.1861,-81.4209,0.1832,0.427790583,NA
317,10,30,"Alamagordo, NM, USA","Daytona Beach, FL, USA",32.8909,-105.9484,29.2034,-81.0884,0.1105,0.391347942,NA
318,10,31,"Alamagordo, NM, USA","Orlando, FL, USA",32.8909,-105.9484,28.5496,-81.3754,0.1176,0.415288553,NA
319,10,32,"Alamagordo, NM, USA","Melbourne, FL, USA",32.8909,-105.9484,28.0785,-80.6838,0.0781,0.360635835,NA
320,10,33,"Alamagordo, NM, USA","Rio, FL, USA",32.8909,-105.9484,27.2183,-80.24,0.0952,0.354900981,NA
321,10,34,"Alamagordo, NM, USA","Palm Beach County, FL, USA",32.8909,-105.9484,26.53,-80.0658,0.0955,0.358021422,NA
322,10,35,"Alamagordo, NM, USA","Miami, FL, USA",32.8909,-105.9484,25.7753,-80.2089,0.0944,0.358526269,NA
323,10,36,"Alamagordo, NM, USA","Fort Myers, FL, USA",32.8909,-105.9484,26.6398,-81.8745,0.1003,0.382562241,NA
324,10,37,"Alamagordo, NM, USA","Sarasota, FL, USA",32.8909,-105.9484,27.3509,-82.5484,0.1047,0.34887929,NA
325,10,38,"Alamagordo, NM, USA","Tampa, FL, USA",32.8909,-105.9484,27.9816,-82.4526,0.0892,0.369919387,NA
326,11,12,"Sunland Park, NM, USA","Roswell, NM, USA",31.8073,-106.587,33.4009,-104.5294,0.0406,0.232072804,NA
327,11,13,"Sunland Park, NM, USA","Carlsbad, NM, USA",31.8073,-106.587,32.427,-104.243,0.0494,0.323636715,NA
328,11,14,"Sunland Park, NM, USA","Lovington, NM, USA",31.8073,-106.587,32.9476,-103.3504,0.0569,0.296554357,NA
329,11,15,"Sunland Park, NM, USA","Lubbock, TX, USA",31.8073,-106.587,33.5699,-101.8727,0.0402,0.27576773,NA
330,11,16,"Sunland Park, NM, USA","Dallas, TX, USA",31.8073,-106.587,32.754256,-96.796889,0.0271,0.22708924,NA
331,11,17,"Sunland Park, NM, USA","Ellis, TX, USA",31.8073,-106.587,32.3782,-96.793,0.0383,0.253069148,NA
332,11,18,"Sunland Park, NM, USA","Cameron, TX, USA",31.8073,-106.587,26.125309,-97.539184,0.0718,0.30999017,NA
333,11,19,"Sunland Park, NM, USA","Travis, TX, USA",31.8073,-106.587,30.2526,-97.778,0.0391,0.257741732,NA
334,11,20,"Sunland Park, NM, USA","Bexar, TX, USA",31.8073,-106.587,29.4112,-98.4954,0.034,0.270502182,NA
335,11,21,"Sunland Park, NM, USA","Houston, TX, USA",31.8073,-106.587,29.7628,-95.3831,0.0895,0.342724943,NA
336,11,22,"Sunland Park, NM, USA","Nueces, TX, USA",31.8073,-106.587,27.7439,-97.672,0.0378,0.256457079,NA
337,11,23,"Sunland Park, NM, USA","Hidalgo, TX, USA",31.8073,-106.587,26.3651,-98.1638,0.0182,0.223992205,NA
338,11,24,"Sunland Park, NM, USA","Juarez, CHIH, MEX",31.8073,-106.587,31.683,-106.4249,0.0152,0.165976847,NA
339,11,25,"Sunland Park, NM, USA","Nuevo Leon, NL, MEX",31.8073,-106.587,25.6803,-100.3133,0.0683,0.348065247,NA
340,11,26,"Sunland Park, NM, USA","New Orleans LA, USA",31.8073,-106.587,29.99838,-90.076114,0.0462,0.290125395,NA
341,11,27,"Sunland Park, NM, USA","Muscogee, GA, USA",31.8073,-106.587,32.5223,-84.9341,0.0822,0.308402111,NA
342,11,28,"Sunland Park, NM, USA","St. Augustine, FL, USA",31.8073,-106.587,29.9134,-81.317743,0.0325,0.275003042,NA
343,11,29,"Sunland Park, NM, USA","Barberville, FL, USA",31.8073,-106.587,29.1861,-81.4209,0.1035,0.350771013,NA
344,11,30,"Sunland Park, NM, USA","Daytona Beach, FL, USA",31.8073,-106.587,29.2034,-81.0884,0.0577,0.335033619,NA
345,11,31,"Sunland Park, NM, USA","Orlando, FL, USA",31.8073,-106.587,28.5496,-81.3754,0.0587,0.348375708,NA
346,11,32,"Sunland Park, NM, USA","Melbourne, FL, USA",31.8073,-106.587,28.0785,-80.6838,0.0447,0.310893992,NA
347,11,33,"Sunland Park, NM, USA","Rio, FL, USA",31.8073,-106.587,27.2183,-80.24,0.0464,0.295930879,NA
348,11,34,"Sunland Park, NM, USA","Palm Beach County, FL, USA",31.8073,-106.587,26.53,-80.0658,0.0447,0.288943548,NA
349,11,35,"Sunland Park, NM, USA","Miami, FL, USA",31.8073,-106.587,25.7753,-80.2089,0.0447,0.308747565,NA
350,11,36,"Sunland Park, NM, USA","Fort Myers, FL, USA",31.8073,-106.587,26.6398,-81.8745,0.0474,0.313431819,NA
351,11,37,"Sunland Park, NM, USA","Sarasota, FL, USA",31.8073,-106.587,27.3509,-82.5484,0.0514,0.285909248,NA
352,11,38,"Sunland Park, NM, USA","Tampa, FL, USA",31.8073,-106.587,27.9816,-82.4526,0.0417,0.291219488,NA
353,12,13,"Roswell, NM, USA","Carlsbad, NM, USA",33.4009,-104.5294,32.427,-104.243,0.0188,0.234849043,NA
354,12,14,"Roswell, NM, USA","Lovington, NM, USA",33.4009,-104.5294,32.9476,-103.3504,0.042,0.276532532,NA
355,12,15,"Roswell, NM, USA","Lubbock, TX, USA",33.4009,-104.5294,33.5699,-101.8727,0.0635,0.316481036,NA
356,12,16,"Roswell, NM, USA","Dallas, TX, USA",33.4009,-104.5294,32.754256,-96.796889,0.0274,0.211558233,NA
357,12,17,"Roswell, NM, USA","Ellis, TX, USA",33.4009,-104.5294,32.3782,-96.793,0.0445,0.259771303,NA
358,12,18,"Roswell, NM, USA","Cameron, TX, USA",33.4009,-104.5294,26.125309,-97.539184,0.0785,0.285184588,NA
359,12,19,"Roswell, NM, USA","Travis, TX, USA",33.4009,-104.5294,30.2526,-97.778,0.0221,0.227273913,NA
360,12,20,"Roswell, NM, USA","Bexar, TX, USA",33.4009,-104.5294,29.4112,-98.4954,0.021,0.244107213,NA
361,12,21,"Roswell, NM, USA","Houston, TX, USA",33.4009,-104.5294,29.7628,-95.3831,0.1259,0.360559463,NA
362,12,22,"Roswell, NM, USA","Nueces, TX, USA",33.4009,-104.5294,27.7439,-97.672,0.0541,0.265656544,NA
363,12,23,"Roswell, NM, USA","Hidalgo, TX, USA",33.4009,-104.5294,26.3651,-98.1638,0.0558,0.238345993,NA
364,12,24,"Roswell, NM, USA","Juarez, CHIH, MEX",33.4009,-104.5294,31.683,-106.4249,0.0451,0.237331528,NA
365,12,25,"Roswell, NM, USA","Nuevo Leon, NL, MEX",33.4009,-104.5294,25.6803,-100.3133,0.078,0.361054149,NA
366,12,26,"Roswell, NM, USA","New Orleans LA, USA",33.4009,-104.5294,29.99838,-90.076114,0.0304,0.225488768,NA
367,12,27,"Roswell, NM, USA","Muscogee, GA, USA",33.4009,-104.5294,32.5223,-84.9341,0.0566,0.265665005,NA
368,12,28,"Roswell, NM, USA","St. Augustine, FL, USA",33.4009,-104.5294,29.9134,-81.317743,0.069,0.290673914,NA
369,12,29,"Roswell, NM, USA","Barberville, FL, USA",33.4009,-104.5294,29.1861,-81.4209,0.1154,0.348083307,NA
370,12,30,"Roswell, NM, USA","Daytona Beach, FL, USA",33.4009,-104.5294,29.2034,-81.0884,0.0562,0.307824239,NA
371,12,31,"Roswell, NM, USA","Orlando, FL, USA",33.4009,-104.5294,28.5496,-81.3754,0.0723,0.324934698,NA
372,12,32,"Roswell, NM, USA","Melbourne, FL, USA",33.4009,-104.5294,28.0785,-80.6838,0.0428,0.280673041,NA
373,12,33,"Roswell, NM, USA","Rio, FL, USA",33.4009,-104.5294,27.2183,-80.24,0.0467,0.274432922,NA
374,12,34,"Roswell, NM, USA","Palm Beach County, FL, USA",33.4009,-104.5294,26.53,-80.0658,0.0607,0.289743305,NA
375,12,35,"Roswell, NM, USA","Miami, FL, USA",33.4009,-104.5294,25.7753,-80.2089,0.0612,0.284167741,NA
376,12,36,"Roswell, NM, USA","Fort Myers, FL, USA",33.4009,-104.5294,26.6398,-81.8745,0.0528,0.289546664,NA
377,12,37,"Roswell, NM, USA","Sarasota, FL, USA",33.4009,-104.5294,27.3509,-82.5484,0.0526,0.268036911,NA
378,12,38,"Roswell, NM, USA","Tampa, FL, USA",33.4009,-104.5294,27.9816,-82.4526,0.0624,0.296571567,NA
379,13,14,"Carlsbad, NM, USA","Lovington, NM, USA",32.427,-104.243,32.9476,-103.3504,0.0601,0.317981319,NA
380,13,15,"Carlsbad, NM, USA","Lubbock, TX, USA",32.427,-104.243,33.5699,-101.8727,0.0707,0.357227356,NA
381,13,16,"Carlsbad, NM, USA","Dallas, TX, USA",32.427,-104.243,32.754256,-96.796889,0.0373,0.281281413,NA
382,13,17,"Carlsbad, NM, USA","Ellis, TX, USA",32.427,-104.243,32.3782,-96.793,0.0553,0.331189615,NA
383,13,18,"Carlsbad, NM, USA","Cameron, TX, USA",32.427,-104.243,26.125309,-97.539184,0.1036,0.363926588,NA
384,13,19,"Carlsbad, NM, USA","Travis, TX, USA",32.427,-104.243,30.2526,-97.778,0.0464,0.322898878,NA
385,13,20,"Carlsbad, NM, USA","Bexar, TX, USA",32.427,-104.243,29.4112,-98.4954,0.0474,0.331107104,NA
386,13,21,"Carlsbad, NM, USA","Houston, TX, USA",32.427,-104.243,29.7628,-95.3831,0.1305,0.39651048,NA
387,13,22,"Carlsbad, NM, USA","Nueces, TX, USA",32.427,-104.243,27.7439,-97.672,0.0519,0.327595301,NA
388,13,23,"Carlsbad, NM, USA","Hidalgo, TX, USA",32.427,-104.243,26.3651,-98.1638,0.0443,0.308547809,NA
389,13,24,"Carlsbad, NM, USA","Juarez, CHIH, MEX",32.427,-104.243,31.683,-106.4249,0.0441,0.316184806,NA
390,13,25,"Carlsbad, NM, USA","Nuevo Leon, NL, MEX",32.427,-104.243,25.6803,-100.3133,0.1313,0.42999746,NA
391,13,26,"Carlsbad, NM, USA","New Orleans LA, USA",32.427,-104.243,29.99838,-90.076114,0.0213,0.284884277,NA
392,13,27,"Carlsbad, NM, USA","Muscogee, GA, USA",32.427,-104.243,32.5223,-84.9341,0.0512,0.326322105,NA
393,13,28,"Carlsbad, NM, USA","St. Augustine, FL, USA",32.427,-104.243,29.9134,-81.317743,0.0539,0.336550759,NA
394,13,29,"Carlsbad, NM, USA","Barberville, FL, USA",32.427,-104.243,29.1861,-81.4209,0.0973,0.392014793,NA
395,13,30,"Carlsbad, NM, USA","Daytona Beach, FL, USA",32.427,-104.243,29.2034,-81.0884,0.061,0.385200841,NA
396,13,31,"Carlsbad, NM, USA","Orlando, FL, USA",32.427,-104.243,28.5496,-81.3754,0.0808,0.389400945,NA
397,13,32,"Carlsbad, NM, USA","Melbourne, FL, USA",32.427,-104.243,28.0785,-80.6838,0.048,0.36437477,NA
398,13,33,"Carlsbad, NM, USA","Rio, FL, USA",32.427,-104.243,27.2183,-80.24,0.0528,0.344504866,NA
399,13,34,"Carlsbad, NM, USA","Palm Beach County, FL, USA",32.427,-104.243,26.53,-80.0658,0.0708,0.374998963,NA
400,13,35,"Carlsbad, NM, USA","Miami, FL, USA",32.427,-104.243,25.7753,-80.2089,0.0371,0.330302046,NA
401,13,36,"Carlsbad, NM, USA","Fort Myers, FL, USA",32.427,-104.243,26.6398,-81.8745,0.06,0.368116984,NA
402,13,37,"Carlsbad, NM, USA","Sarasota, FL, USA",32.427,-104.243,27.3509,-82.5484,0.033,0.330231121,NA
403,13,38,"Carlsbad, NM, USA","Tampa, FL, USA",32.427,-104.243,27.9816,-82.4526,0.0631,0.367411081,NA
404,14,15,"Lovington, NM, USA","Lubbock, TX, USA",32.9476,-103.3504,33.5699,-101.8727,0.0669,0.333626987,NA
405,14,16,"Lovington, NM, USA","Dallas, TX, USA",32.9476,-103.3504,32.754256,-96.796889,0.05,0.291078713,NA
406,14,17,"Lovington, NM, USA","Ellis, TX, USA",32.9476,-103.3504,32.3782,-96.793,0.0669,0.307164194,NA
407,14,18,"Lovington, NM, USA","Cameron, TX, USA",32.9476,-103.3504,26.125309,-97.539184,0.1168,0.369345269,NA
408,14,19,"Lovington, NM, USA","Travis, TX, USA",32.9476,-103.3504,30.2526,-97.778,0.0321,0.287437576,NA
409,14,20,"Lovington, NM, USA","Bexar, TX, USA",32.9476,-103.3504,29.4112,-98.4954,0.0132,0.292458106,NA
410,14,21,"Lovington, NM, USA","Houston, TX, USA",32.9476,-103.3504,29.7628,-95.3831,0.087,0.349898649,NA
411,14,22,"Lovington, NM, USA","Nueces, TX, USA",32.9476,-103.3504,27.7439,-97.672,0.0607,0.326818107,NA
412,14,23,"Lovington, NM, USA","Hidalgo, TX, USA",32.9476,-103.3504,26.3651,-98.1638,0.0557,0.312112326,NA
413,14,24,"Lovington, NM, USA","Juarez, CHIH, MEX",32.9476,-103.3504,31.683,-106.4249,0.045,0.289111576,NA
414,14,25,"Lovington, NM, USA","Nuevo Leon, NL, MEX",32.9476,-103.3504,25.6803,-100.3133,0.0889,0.402259558,NA
415,14,26,"Lovington, NM, USA","New Orleans LA, USA",32.9476,-103.3504,29.99838,-90.076114,0.0865,0.343686593,NA
416,14,27,"Lovington, NM, USA","Muscogee, GA, USA",32.9476,-103.3504,32.5223,-84.9341,0.1261,0.379205299,NA
417,14,28,"Lovington, NM, USA","St. Augustine, FL, USA",32.9476,-103.3504,29.9134,-81.317743,0.1053,0.373167021,NA
418,14,29,"Lovington, NM, USA","Barberville, FL, USA",32.9476,-103.3504,29.1861,-81.4209,0.1817,0.419407705,NA
419,14,30,"Lovington, NM, USA","Daytona Beach, FL, USA",32.9476,-103.3504,29.2034,-81.0884,0.0893,0.366785964,NA
420,14,31,"Lovington, NM, USA","Orlando, FL, USA",32.9476,-103.3504,28.5496,-81.3754,0.1177,0.397581635,NA
421,14,32,"Lovington, NM, USA","Melbourne, FL, USA",32.9476,-103.3504,28.0785,-80.6838,0.0821,0.3638322,NA
422,14,33,"Lovington, NM, USA","Rio, FL, USA",32.9476,-103.3504,27.2183,-80.24,0.0802,0.336314586,NA
423,14,34,"Lovington, NM, USA","Palm Beach County, FL, USA",32.9476,-103.3504,26.53,-80.0658,0.0845,0.34521992,NA
424,14,35,"Lovington, NM, USA","Miami, FL, USA",32.9476,-103.3504,25.7753,-80.2089,0.1132,0.379416853,NA
425,14,36,"Lovington, NM, USA","Fort Myers, FL, USA",32.9476,-103.3504,26.6398,-81.8745,0.1027,0.373621917,NA
426,14,37,"Lovington, NM, USA","Sarasota, FL, USA",32.9476,-103.3504,27.3509,-82.5484,0.1058,0.365516836,NA
427,14,38,"Lovington, NM, USA","Tampa, FL, USA",32.9476,-103.3504,27.9816,-82.4526,0.0802,0.36827274,NA
428,15,16,"Lubbock, TX, USA","Dallas, TX, USA",33.5699,-101.8727,32.754256,-96.796889,0.036,0.274993765,NA
429,15,17,"Lubbock, TX, USA","Ellis, TX, USA",33.5699,-101.8727,32.3782,-96.793,0.0661,0.324398996,NA
430,15,18,"Lubbock, TX, USA","Cameron, TX, USA",33.5699,-101.8727,26.125309,-97.539184,0.1088,0.350764731,NA
431,15,19,"Lubbock, TX, USA","Travis, TX, USA",33.5699,-101.8727,30.2526,-97.778,0.0407,0.276806876,NA
432,15,20,"Lubbock, TX, USA","Bexar, TX, USA",33.5699,-101.8727,29.4112,-98.4954,0.0424,0.317310442,NA
433,15,21,"Lubbock, TX, USA","Houston, TX, USA",33.5699,-101.8727,29.7628,-95.3831,0.1276,0.400630532,NA
434,15,22,"Lubbock, TX, USA","Nueces, TX, USA",33.5699,-101.8727,27.7439,-97.672,0.0567,0.308174845,NA
435,15,23,"Lubbock, TX, USA","Hidalgo, TX, USA",33.5699,-101.8727,26.3651,-98.1638,0.052,0.302974089,NA
436,15,24,"Lubbock, TX, USA","Juarez, CHIH, MEX",33.5699,-101.8727,31.683,-106.4249,0.0607,0.307483457,NA
437,15,25,"Lubbock, TX, USA","Nuevo Leon, NL, MEX",33.5699,-101.8727,25.6803,-100.3133,0.0866,0.388635191,NA
438,15,26,"Lubbock, TX, USA","New Orleans LA, USA",33.5699,-101.8727,29.99838,-90.076114,0.066,0.351580208,NA
439,15,27,"Lubbock, TX, USA","Muscogee, GA, USA",33.5699,-101.8727,32.5223,-84.9341,0.1083,0.354284109,NA
440,15,28,"Lubbock, TX, USA","St. Augustine, FL, USA",33.5699,-101.8727,29.9134,-81.317743,0.0918,0.365351552,NA
441,15,29,"Lubbock, TX, USA","Barberville, FL, USA",33.5699,-101.8727,29.1861,-81.4209,0.1537,0.421402133,NA
442,15,30,"Lubbock, TX, USA","Daytona Beach, FL, USA",33.5699,-101.8727,29.2034,-81.0884,0.122,0.438753728,NA
443,15,31,"Lubbock, TX, USA","Orlando, FL, USA",33.5699,-101.8727,28.5496,-81.3754,0.1373,0.441933783,NA
444,15,32,"Lubbock, TX, USA","Melbourne, FL, USA",33.5699,-101.8727,28.0785,-80.6838,0.0796,0.372330841,NA
445,15,33,"Lubbock, TX, USA","Rio, FL, USA",33.5699,-101.8727,27.2183,-80.24,0.0808,0.342366955,NA
446,15,34,"Lubbock, TX, USA","Palm Beach County, FL, USA",33.5699,-101.8727,26.53,-80.0658,0.0738,0.341667059,NA
447,15,35,"Lubbock, TX, USA","Miami, FL, USA",33.5699,-101.8727,25.7753,-80.2089,0.0874,0.37132759,NA
448,15,36,"Lubbock, TX, USA","Fort Myers, FL, USA",33.5699,-101.8727,26.6398,-81.8745,0.1093,0.405093034,NA
449,15,37,"Lubbock, TX, USA","Sarasota, FL, USA",33.5699,-101.8727,27.3509,-82.5484,0.0913,0.375745513,NA
450,15,38,"Lubbock, TX, USA","Tampa, FL, USA",33.5699,-101.8727,27.9816,-82.4526,0.0938,0.380124905,NA
451,16,17,"Dallas, TX, USA","Ellis, TX, USA",32.754256,-96.796889,32.3782,-96.793,0.0335,0.234865524,NA
452,16,18,"Dallas, TX, USA","Cameron, TX, USA",32.754256,-96.796889,26.125309,-97.539184,0.0918,0.305531915,NA
453,16,19,"Dallas, TX, USA","Travis, TX, USA",32.754256,-96.796889,30.2526,-97.778,0.0465,0.249324299,NA
454,16,20,"Dallas, TX, USA","Bexar, TX, USA",32.754256,-96.796889,29.4112,-98.4954,0.0298,0.253542507,NA
455,16,21,"Dallas, TX, USA","Houston, TX, USA",32.754256,-96.796889,29.7628,-95.3831,0.0976,0.339262533,NA
456,16,22,"Dallas, TX, USA","Nueces, TX, USA",32.754256,-96.796889,27.7439,-97.672,0.0488,0.258559103,NA
457,16,23,"Dallas, TX, USA","Hidalgo, TX, USA",32.754256,-96.796889,26.3651,-98.1638,0.037,0.229159127,NA
458,16,24,"Dallas, TX, USA","Juarez, CHIH, MEX",32.754256,-96.796889,31.683,-106.4249,0.0368,0.225648658,NA
459,16,25,"Dallas, TX, USA","Nuevo Leon, NL, MEX",32.754256,-96.796889,25.6803,-100.3133,0.0607,0.343873873,NA
460,16,26,"Dallas, TX, USA","New Orleans LA, USA",32.754256,-96.796889,29.99838,-90.076114,0.0447,0.269559769,NA
461,16,27,"Dallas, TX, USA","Muscogee, GA, USA",32.754256,-96.796889,32.5223,-84.9341,0.0743,0.293107164,NA
462,16,28,"Dallas, TX, USA","St. Augustine, FL, USA",32.754256,-96.796889,29.9134,-81.317743,0.0713,0.294773026,NA
463,16,29,"Dallas, TX, USA","Barberville, FL, USA",32.754256,-96.796889,29.1861,-81.4209,0.144,0.373377564,NA
464,16,30,"Dallas, TX, USA","Daytona Beach, FL, USA",32.754256,-96.796889,29.2034,-81.0884,0.0803,0.344081116,NA
465,16,31,"Dallas, TX, USA","Orlando, FL, USA",32.754256,-96.796889,28.5496,-81.3754,0.1026,0.378077153,NA
466,16,32,"Dallas, TX, USA","Melbourne, FL, USA",32.754256,-96.796889,28.0785,-80.6838,0.0662,0.314644666,NA
467,16,33,"Dallas, TX, USA","Rio, FL, USA",32.754256,-96.796889,27.2183,-80.24,0.0552,0.273472345,NA
468,16,34,"Dallas, TX, USA","Palm Beach County, FL, USA",32.754256,-96.796889,26.53,-80.0658,0.0651,0.303745103,NA
469,16,35,"Dallas, TX, USA","Miami, FL, USA",32.754256,-96.796889,25.7753,-80.2089,0.0669,0.315996419,NA
470,16,36,"Dallas, TX, USA","Fort Myers, FL, USA",32.754256,-96.796889,26.6398,-81.8745,0.0679,0.311929104,NA
471,16,37,"Dallas, TX, USA","Sarasota, FL, USA",32.754256,-96.796889,27.3509,-82.5484,0.0831,0.318943678,NA
472,16,38,"Dallas, TX, USA","Tampa, FL, USA",32.754256,-96.796889,27.9816,-82.4526,0.0734,0.332536803,NA
473,17,18,"Ellis, TX, USA","Cameron, TX, USA",32.3782,-96.793,26.125309,-97.539184,0.0644,0.296424846,NA
474,17,19,"Ellis, TX, USA","Travis, TX, USA",32.3782,-96.793,30.2526,-97.778,0.0276,0.200900171,NA
475,17,20,"Ellis, TX, USA","Bexar, TX, USA",32.3782,-96.793,29.4112,-98.4954,0.0377,0.272842887,NA
476,17,21,"Ellis, TX, USA","Houston, TX, USA",32.3782,-96.793,29.7628,-95.3831,0.0895,0.332678169,NA
477,17,22,"Ellis, TX, USA","Nueces, TX, USA",32.3782,-96.793,27.7439,-97.672,0.0372,0.254766712,NA
478,17,23,"Ellis, TX, USA","Hidalgo, TX, USA",32.3782,-96.793,26.3651,-98.1638,0.0389,0.24001109,NA
479,17,24,"Ellis, TX, USA","Juarez, CHIH, MEX",32.3782,-96.793,31.683,-106.4249,0.0458,0.2605469,NA
480,17,25,"Ellis, TX, USA","Nuevo Leon, NL, MEX",32.3782,-96.793,25.6803,-100.3133,0.0868,0.397819896,NA
481,17,26,"Ellis, TX, USA","New Orleans LA, USA",32.3782,-96.793,29.99838,-90.076114,0.0496,0.287324295,NA
482,17,27,"Ellis, TX, USA","Muscogee, GA, USA",32.3782,-96.793,32.5223,-84.9341,0.1178,0.346023143,NA
483,17,28,"Ellis, TX, USA","St. Augustine, FL, USA",32.3782,-96.793,29.9134,-81.317743,0.0577,0.296777874,NA
484,17,29,"Ellis, TX, USA","Barberville, FL, USA",32.3782,-96.793,29.1861,-81.4209,0.142,0.362416059,NA
485,17,30,"Ellis, TX, USA","Daytona Beach, FL, USA",32.3782,-96.793,29.2034,-81.0884,0.065,0.319731293,NA
486,17,31,"Ellis, TX, USA","Orlando, FL, USA",32.3782,-96.793,28.5496,-81.3754,0.0679,0.338490002,NA
487,17,32,"Ellis, TX, USA","Melbourne, FL, USA",32.3782,-96.793,28.0785,-80.6838,0.0427,0.278262633,NA
488,17,33,"Ellis, TX, USA","Rio, FL, USA",32.3782,-96.793,27.2183,-80.24,0.0581,0.275446138,NA
489,17,34,"Ellis, TX, USA","Palm Beach County, FL, USA",32.3782,-96.793,26.53,-80.0658,0.0583,0.286663921,NA
490,17,35,"Ellis, TX, USA","Miami, FL, USA",32.3782,-96.793,25.7753,-80.2089,0.057,0.29275111,NA
491,17,36,"Ellis, TX, USA","Fort Myers, FL, USA",32.3782,-96.793,26.6398,-81.8745,0.0525,0.295776815,NA
492,17,37,"Ellis, TX, USA","Sarasota, FL, USA",32.3782,-96.793,27.3509,-82.5484,0.0775,0.29656878,NA
493,17,38,"Ellis, TX, USA","Tampa, FL, USA",32.3782,-96.793,27.9816,-82.4526,0.0546,0.29300365,NA
494,18,19,"Cameron, TX, USA","Travis, TX, USA",26.125309,-97.539184,30.2526,-97.778,0.0728,0.283606448,NA
495,18,20,"Cameron, TX, USA","Bexar, TX, USA",26.125309,-97.539184,29.4112,-98.4954,0.0757,0.31358974,NA
496,18,21,"Cameron, TX, USA","Houston, TX, USA",26.125309,-97.539184,29.7628,-95.3831,0.1325,0.335189386,NA
497,18,22,"Cameron, TX, USA","Nueces, TX, USA",26.125309,-97.539184,27.7439,-97.672,0.0424,0.262469172,NA
498,18,23,"Cameron, TX, USA","Hidalgo, TX, USA",26.125309,-97.539184,26.3651,-98.1638,0.0363,0.216508728,NA
499,18,24,"Cameron, TX, USA","Juarez, CHIH, MEX",26.125309,-97.539184,31.683,-106.4249,0.0539,0.292020368,NA
500,18,25,"Cameron, TX, USA","Nuevo Leon, NL, MEX",26.125309,-97.539184,25.6803,-100.3133,0.0668,0.351436708,NA
501,18,26,"Cameron, TX, USA","New Orleans LA, USA",26.125309,-97.539184,29.99838,-90.076114,0.0826,0.327006278,NA
502,18,27,"Cameron, TX, USA","Muscogee, GA, USA",26.125309,-97.539184,32.5223,-84.9341,0.1807,0.388121309,NA
503,18,28,"Cameron, TX, USA","St. Augustine, FL, USA",26.125309,-97.539184,29.9134,-81.317743,0.091,0.337969416,NA
504,18,29,"Cameron, TX, USA","Barberville, FL, USA",26.125309,-97.539184,29.1861,-81.4209,0.1786,0.377942801,NA
505,18,30,"Cameron, TX, USA","Daytona Beach, FL, USA",26.125309,-97.539184,29.2034,-81.0884,0.102,0.35905299,NA
506,18,31,"Cameron, TX, USA","Orlando, FL, USA",26.125309,-97.539184,28.5496,-81.3754,0.1087,0.381010974,NA
507,18,32,"Cameron, TX, USA","Melbourne, FL, USA",26.125309,-97.539184,28.0785,-80.6838,0.0565,0.304373649,NA
508,18,33,"Cameron, TX, USA","Rio, FL, USA",26.125309,-97.539184,27.2183,-80.24,0.1031,0.340931806,NA
509,18,34,"Cameron, TX, USA","Palm Beach County, FL, USA",26.125309,-97.539184,26.53,-80.0658,0.0855,0.330485995,NA
510,18,35,"Cameron, TX, USA","Miami, FL, USA",26.125309,-97.539184,25.7753,-80.2089,0.0977,0.34420321,NA
511,18,36,"Cameron, TX, USA","Fort Myers, FL, USA",26.125309,-97.539184,26.6398,-81.8745,0.0968,0.347199728,NA
512,18,37,"Cameron, TX, USA","Sarasota, FL, USA",26.125309,-97.539184,27.3509,-82.5484,0.1174,0.356139317,NA
513,18,38,"Cameron, TX, USA","Tampa, FL, USA",26.125309,-97.539184,27.9816,-82.4526,0.093,0.342746282,NA
514,19,20,"Travis, TX, USA","Bexar, TX, USA",30.2526,-97.778,29.4112,-98.4954,0.0124,0.231905744,NA
515,19,21,"Travis, TX, USA","Houston, TX, USA",30.2526,-97.778,29.7628,-95.3831,0.0973,0.368703708,NA
516,19,22,"Travis, TX, USA","Nueces, TX, USA",30.2526,-97.778,27.7439,-97.672,0.0429,0.253733395,NA
517,19,23,"Travis, TX, USA","Hidalgo, TX, USA",30.2526,-97.778,26.3651,-98.1638,0.044,0.246334345,NA
518,19,24,"Travis, TX, USA","Juarez, CHIH, MEX",30.2526,-97.778,31.683,-106.4249,0.0474,0.262034859,NA
519,19,25,"Travis, TX, USA","Nuevo Leon, NL, MEX",30.2526,-97.778,25.6803,-100.3133,0.0899,0.3873022,NA
520,19,26,"Travis, TX, USA","New Orleans LA, USA",30.2526,-97.778,29.99838,-90.076114,0.0469,0.282689103,NA
521,19,27,"Travis, TX, USA","Muscogee, GA, USA",30.2526,-97.778,32.5223,-84.9341,0.0924,0.310904725,NA
522,19,28,"Travis, TX, USA","St. Augustine, FL, USA",30.2526,-97.778,29.9134,-81.317743,0.0594,0.283257101,NA
523,19,29,"Travis, TX, USA","Barberville, FL, USA",30.2526,-97.778,29.1861,-81.4209,0.1262,0.365617596,NA
524,19,30,"Travis, TX, USA","Daytona Beach, FL, USA",30.2526,-97.778,29.2034,-81.0884,0.0597,0.322299551,NA
525,19,31,"Travis, TX, USA","Orlando, FL, USA",30.2526,-97.778,28.5496,-81.3754,0.0764,0.351351336,NA
526,19,32,"Travis, TX, USA","Melbourne, FL, USA",30.2526,-97.778,28.0785,-80.6838,0.0344,0.285049809,NA
527,19,33,"Travis, TX, USA","Rio, FL, USA",30.2526,-97.778,27.2183,-80.24,0.0528,0.27398294,NA
528,19,34,"Travis, TX, USA","Palm Beach County, FL, USA",30.2526,-97.778,26.53,-80.0658,0.0464,0.28042436,NA
529,19,35,"Travis, TX, USA","Miami, FL, USA",30.2526,-97.778,25.7753,-80.2089,0.0677,0.30353004,NA
530,19,36,"Travis, TX, USA","Fort Myers, FL, USA",30.2526,-97.778,26.6398,-81.8745,0.0554,0.310463668,NA
531,19,37,"Travis, TX, USA","Sarasota, FL, USA",30.2526,-97.778,27.3509,-82.5484,0.0702,0.30566054,NA
532,19,38,"Travis, TX, USA","Tampa, FL, USA",30.2526,-97.778,27.9816,-82.4526,0.0612,0.310567011,NA
533,20,21,"Bexar, TX, USA","Houston, TX, USA",29.4112,-98.4954,29.7628,-95.3831,0.0992,0.369714034,NA
534,20,22,"Bexar, TX, USA","Nueces, TX, USA",29.4112,-98.4954,27.7439,-97.672,0.0429,0.260216764,NA
535,20,23,"Bexar, TX, USA","Hidalgo, TX, USA",29.4112,-98.4954,26.3651,-98.1638,0.0377,0.258795979,NA
536,20,24,"Bexar, TX, USA","Juarez, CHIH, MEX",29.4112,-98.4954,31.683,-106.4249,0.049,0.288921707,NA
537,20,25,"Bexar, TX, USA","Nuevo Leon, NL, MEX",29.4112,-98.4954,25.6803,-100.3133,0.074,0.381790538,NA
538,20,26,"Bexar, TX, USA","New Orleans LA, USA",29.4112,-98.4954,29.99838,-90.076114,0.0534,0.328127721,NA
539,20,27,"Bexar, TX, USA","Muscogee, GA, USA",29.4112,-98.4954,32.5223,-84.9341,0.085,0.344336305,NA
540,20,28,"Bexar, TX, USA","St. Augustine, FL, USA",29.4112,-98.4954,29.9134,-81.317743,0.0664,0.326223155,NA
541,20,29,"Bexar, TX, USA","Barberville, FL, USA",29.4112,-98.4954,29.1861,-81.4209,0.1526,0.416556947,NA
542,20,30,"Bexar, TX, USA","Daytona Beach, FL, USA",29.4112,-98.4954,29.2034,-81.0884,0.0755,0.358641051,NA
543,20,31,"Bexar, TX, USA","Orlando, FL, USA",29.4112,-98.4954,28.5496,-81.3754,0.0762,0.373537852,NA
544,20,32,"Bexar, TX, USA","Melbourne, FL, USA",29.4112,-98.4954,28.0785,-80.6838,0.0417,0.317937289,NA
545,20,33,"Bexar, TX, USA","Rio, FL, USA",29.4112,-98.4954,27.2183,-80.24,0.0564,0.319498381,NA
546,20,34,"Bexar, TX, USA","Palm Beach County, FL, USA",29.4112,-98.4954,26.53,-80.0658,0.0707,0.335178925,NA
547,20,35,"Bexar, TX, USA","Miami, FL, USA",29.4112,-98.4954,25.7753,-80.2089,0.0842,0.356730528,NA
548,20,36,"Bexar, TX, USA","Fort Myers, FL, USA",29.4112,-98.4954,26.6398,-81.8745,0.0716,0.360706235,NA
549,20,37,"Bexar, TX, USA","Sarasota, FL, USA",29.4112,-98.4954,27.3509,-82.5484,0.0787,0.341965256,NA
550,20,38,"Bexar, TX, USA","Tampa, FL, USA",29.4112,-98.4954,27.9816,-82.4526,0.0635,0.344059043,NA
551,21,22,"Houston, TX, USA","Nueces, TX, USA",29.7628,-95.3831,27.7439,-97.672,0.0682,0.331701571,NA
552,21,23,"Houston, TX, USA","Hidalgo, TX, USA",29.7628,-95.3831,26.3651,-98.1638,0.0534,0.286720592,NA
553,21,24,"Houston, TX, USA","Juarez, CHIH, MEX",29.7628,-95.3831,31.683,-106.4249,0.0642,0.315323019,NA
554,21,25,"Houston, TX, USA","Nuevo Leon, NL, MEX",29.7628,-95.3831,25.6803,-100.3133,0.1824,0.414450667,NA
555,21,26,"Houston, TX, USA","New Orleans LA, USA",29.7628,-95.3831,29.99838,-90.076114,0.1253,0.375240444,NA
556,21,27,"Houston, TX, USA","Muscogee, GA, USA",29.7628,-95.3831,32.5223,-84.9341,0.1953,0.41905112,NA
557,21,28,"Houston, TX, USA","St. Augustine, FL, USA",29.7628,-95.3831,29.9134,-81.317743,0.1333,0.417505353,NA
558,21,29,"Houston, TX, USA","Barberville, FL, USA",29.7628,-95.3831,29.1861,-81.4209,0.2444,0.438017987,NA
559,21,30,"Houston, TX, USA","Daytona Beach, FL, USA",29.7628,-95.3831,29.2034,-81.0884,0.1288,0.380782449,NA
560,21,31,"Houston, TX, USA","Orlando, FL, USA",29.7628,-95.3831,28.5496,-81.3754,0.1682,0.426461945,NA
561,21,32,"Houston, TX, USA","Melbourne, FL, USA",29.7628,-95.3831,28.0785,-80.6838,0.1009,0.377827592,NA
562,21,33,"Houston, TX, USA","Rio, FL, USA",29.7628,-95.3831,27.2183,-80.24,0.1294,0.378042298,NA
563,21,34,"Houston, TX, USA","Palm Beach County, FL, USA",29.7628,-95.3831,26.53,-80.0658,0.1236,0.390122911,NA
564,21,35,"Houston, TX, USA","Miami, FL, USA",29.7628,-95.3831,25.7753,-80.2089,0.126,0.384159544,NA
565,21,36,"Houston, TX, USA","Fort Myers, FL, USA",29.7628,-95.3831,26.6398,-81.8745,0.1206,0.381007639,NA
566,21,37,"Houston, TX, USA","Sarasota, FL, USA",29.7628,-95.3831,27.3509,-82.5484,0.1543,0.410169932,NA
567,21,38,"Houston, TX, USA","Tampa, FL, USA",29.7628,-95.3831,27.9816,-82.4526,0.1188,0.384135718,NA
568,22,23,"Nueces, TX, USA","Hidalgo, TX, USA",27.7439,-97.672,26.3651,-98.1638,0.0176,0.211413529,NA
569,22,24,"Nueces, TX, USA","Juarez, CHIH, MEX",27.7439,-97.672,31.683,-106.4249,0.0175,0.226426598,NA
570,22,25,"Nueces, TX, USA","Nuevo Leon, NL, MEX",27.7439,-97.672,25.6803,-100.3133,0.0427,0.318291181,NA
571,22,26,"Nueces, TX, USA","New Orleans LA, USA",27.7439,-97.672,29.99838,-90.076114,0.0526,0.304716095,NA
572,22,27,"Nueces, TX, USA","Muscogee, GA, USA",27.7439,-97.672,32.5223,-84.9341,0.1137,0.337786815,NA
573,22,28,"Nueces, TX, USA","St. Augustine, FL, USA",27.7439,-97.672,29.9134,-81.317743,0.0512,0.294281581,NA
574,22,29,"Nueces, TX, USA","Barberville, FL, USA",27.7439,-97.672,29.1861,-81.4209,0.1368,0.381115093,NA
575,22,30,"Nueces, TX, USA","Daytona Beach, FL, USA",27.7439,-97.672,29.2034,-81.0884,0.0639,0.343848213,NA
576,22,31,"Nueces, TX, USA","Orlando, FL, USA",27.7439,-97.672,28.5496,-81.3754,0.0783,0.356162215,NA
577,22,32,"Nueces, TX, USA","Melbourne, FL, USA",27.7439,-97.672,28.0785,-80.6838,0.0368,0.286505939,NA
578,22,33,"Nueces, TX, USA","Rio, FL, USA",27.7439,-97.672,27.2183,-80.24,0.0561,0.284302238,NA
579,22,34,"Nueces, TX, USA","Palm Beach County, FL, USA",27.7439,-97.672,26.53,-80.0658,0.0446,0.298524176,NA
580,22,35,"Nueces, TX, USA","Miami, FL, USA",27.7439,-97.672,25.7753,-80.2089,0.0518,0.304500796,NA
581,22,36,"Nueces, TX, USA","Fort Myers, FL, USA",27.7439,-97.672,26.6398,-81.8745,0.0493,0.327759433,NA
582,22,37,"Nueces, TX, USA","Sarasota, FL, USA",27.7439,-97.672,27.3509,-82.5484,0.0627,0.307139049,NA
583,22,38,"Nueces, TX, USA","Tampa, FL, USA",27.7439,-97.672,27.9816,-82.4526,0.0496,0.299249018,NA
584,23,24,"Hidalgo, TX, USA","Juarez, CHIH, MEX",26.3651,-98.1638,31.683,-106.4249,0.016,0.223421415,NA
585,23,25,"Hidalgo, TX, USA","Nuevo Leon, NL, MEX",26.3651,-98.1638,25.6803,-100.3133,0.0588,0.343660596,NA
586,23,26,"Hidalgo, TX, USA","New Orleans LA, USA",26.3651,-98.1638,29.99838,-90.076114,0.0384,0.268253113,NA
587,23,27,"Hidalgo, TX, USA","Muscogee, GA, USA",26.3651,-98.1638,32.5223,-84.9341,0.1101,0.325283748,NA
588,23,28,"Hidalgo, TX, USA","St. Augustine, FL, USA",26.3651,-98.1638,29.9134,-81.317743,0.0362,0.27217089,NA
589,23,29,"Hidalgo, TX, USA","Barberville, FL, USA",26.3651,-98.1638,29.1861,-81.4209,0.1242,0.351772858,NA
590,23,30,"Hidalgo, TX, USA","Daytona Beach, FL, USA",26.3651,-98.1638,29.2034,-81.0884,0.0549,0.329789774,NA
591,23,31,"Hidalgo, TX, USA","Orlando, FL, USA",26.3651,-98.1638,28.5496,-81.3754,0.0722,0.353328215,NA
592,23,32,"Hidalgo, TX, USA","Melbourne, FL, USA",26.3651,-98.1638,28.0785,-80.6838,0.0391,0.281114274,NA
593,23,33,"Hidalgo, TX, USA","Rio, FL, USA",26.3651,-98.1638,27.2183,-80.24,0.0526,0.280217903,NA
594,23,34,"Hidalgo, TX, USA","Palm Beach County, FL, USA",26.3651,-98.1638,26.53,-80.0658,0.0458,0.28416142,NA
595,23,35,"Hidalgo, TX, USA","Miami, FL, USA",26.3651,-98.1638,25.7753,-80.2089,0.0454,0.29770561,NA
596,23,36,"Hidalgo, TX, USA","Fort Myers, FL, USA",26.3651,-98.1638,26.6398,-81.8745,0.0506,0.307619858,NA
597,23,37,"Hidalgo, TX, USA","Sarasota, FL, USA",26.3651,-98.1638,27.3509,-82.5484,0.0701,0.30959945,NA
598,23,38,"Hidalgo, TX, USA","Tampa, FL, USA",26.3651,-98.1638,27.9816,-82.4526,0.0545,0.301714977,NA
599,24,25,"Juarez, CHIH, MEX","Nuevo Leon, NL, MEX",31.683,-106.4249,25.6803,-100.3133,0.0588,0.321811859,NA
600,24,26,"Juarez, CHIH, MEX","New Orleans LA, USA",31.683,-106.4249,29.99838,-90.076114,0.0422,0.282064126,NA
601,24,27,"Juarez, CHIH, MEX","Muscogee, GA, USA",31.683,-106.4249,32.5223,-84.9341,0.1083,0.331474126,NA
602,24,28,"Juarez, CHIH, MEX","St. Augustine, FL, USA",31.683,-106.4249,29.9134,-81.317743,0.0491,0.28849171,NA
603,24,29,"Juarez, CHIH, MEX","Barberville, FL, USA",31.683,-106.4249,29.1861,-81.4209,0.1333,0.356981865,NA
604,24,30,"Juarez, CHIH, MEX","Daytona Beach, FL, USA",31.683,-106.4249,29.2034,-81.0884,0.0471,0.299469075,NA
605,24,31,"Juarez, CHIH, MEX","Orlando, FL, USA",31.683,-106.4249,28.5496,-81.3754,0.0769,0.357149267,NA
606,24,32,"Juarez, CHIH, MEX","Melbourne, FL, USA",31.683,-106.4249,28.0785,-80.6838,0.0403,0.299054137,NA
607,24,33,"Juarez, CHIH, MEX","Rio, FL, USA",31.683,-106.4249,27.2183,-80.24,0.0508,0.283734551,NA
608,24,34,"Juarez, CHIH, MEX","Palm Beach County, FL, USA",31.683,-106.4249,26.53,-80.0658,0.0407,0.27226219,NA
609,24,35,"Juarez, CHIH, MEX","Miami, FL, USA",31.683,-106.4249,25.7753,-80.2089,0.0478,0.297766117,NA
610,24,36,"Juarez, CHIH, MEX","Fort Myers, FL, USA",31.683,-106.4249,26.6398,-81.8745,0.0474,0.298275064,NA
611,24,37,"Juarez, CHIH, MEX","Sarasota, FL, USA",31.683,-106.4249,27.3509,-82.5484,0.0588,0.288284247,NA
612,24,38,"Juarez, CHIH, MEX","Tampa, FL, USA",31.683,-106.4249,27.9816,-82.4526,0.0627,0.309794647,NA
613,25,26,"Nuevo Leon, NL, MEX","New Orleans LA, USA",25.6803,-100.3133,29.99838,-90.076114,0.0949,0.415189873,NA
614,25,27,"Nuevo Leon, NL, MEX","Muscogee, GA, USA",25.6803,-100.3133,32.5223,-84.9341,0.137,0.434471772,NA
615,25,28,"Nuevo Leon, NL, MEX","St. Augustine, FL, USA",25.6803,-100.3133,29.9134,-81.317743,0.0954,0.421998516,NA
616,25,29,"Nuevo Leon, NL, MEX","Barberville, FL, USA",25.6803,-100.3133,29.1861,-81.4209,0.2034,0.493649898,NA
617,25,30,"Nuevo Leon, NL, MEX","Daytona Beach, FL, USA",25.6803,-100.3133,29.2034,-81.0884,0.1195,0.448703677,NA
618,25,31,"Nuevo Leon, NL, MEX","Orlando, FL, USA",25.6803,-100.3133,28.5496,-81.3754,0.1313,0.465389979,NA
619,25,32,"Nuevo Leon, NL, MEX","Melbourne, FL, USA",25.6803,-100.3133,28.0785,-80.6838,0.082,0.407724868,NA
620,25,33,"Nuevo Leon, NL, MEX","Rio, FL, USA",25.6803,-100.3133,27.2183,-80.24,0.1017,0.421165521,NA
621,25,34,"Nuevo Leon, NL, MEX","Palm Beach County, FL, USA",25.6803,-100.3133,26.53,-80.0658,0.0967,0.43067629,NA
622,25,35,"Nuevo Leon, NL, MEX","Miami, FL, USA",25.6803,-100.3133,25.7753,-80.2089,0.1088,0.438187208,NA
623,25,36,"Nuevo Leon, NL, MEX","Fort Myers, FL, USA",25.6803,-100.3133,26.6398,-81.8745,0.0963,0.442165254,NA
624,25,37,"Nuevo Leon, NL, MEX","Sarasota, FL, USA",25.6803,-100.3133,27.3509,-82.5484,0.1305,0.452636708,NA
625,25,38,"Nuevo Leon, NL, MEX","Tampa, FL, USA",25.6803,-100.3133,27.9816,-82.4526,0.0862,0.423950092,NA
626,26,27,"New Orleans LA, USA","Muscogee, GA, USA",29.99838,-90.076114,32.5223,-84.9341,0.0541,0.26543155,NA
627,26,28,"New Orleans LA, USA","St. Augustine, FL, USA",29.99838,-90.076114,29.9134,-81.317743,0.0473,0.278967162,NA
628,26,29,"New Orleans LA, USA","Barberville, FL, USA",29.99838,-90.076114,29.1861,-81.4209,0.0968,0.316826735,NA
629,26,30,"New Orleans LA, USA","Daytona Beach, FL, USA",29.99838,-90.076114,29.2034,-81.0884,0.0464,0.301126304,NA
630,26,31,"New Orleans LA, USA","Orlando, FL, USA",29.99838,-90.076114,28.5496,-81.3754,0.0531,0.291821895,NA
631,26,32,"New Orleans LA, USA","Melbourne, FL, USA",29.99838,-90.076114,28.0785,-80.6838,0.0369,0.284707648,NA
632,26,33,"New Orleans LA, USA","Rio, FL, USA",29.99838,-90.076114,27.2183,-80.24,0.0307,0.238174411,NA
633,26,34,"New Orleans LA, USA","Palm Beach County, FL, USA",29.99838,-90.076114,26.53,-80.0658,0.0429,0.260913818,NA
634,26,35,"New Orleans LA, USA","Miami, FL, USA",29.99838,-90.076114,25.7753,-80.2089,0.0231,0.230163366,NA
635,26,36,"New Orleans LA, USA","Fort Myers, FL, USA",29.99838,-90.076114,26.6398,-81.8745,0.0371,0.264481832,NA
636,26,37,"New Orleans LA, USA","Sarasota, FL, USA",29.99838,-90.076114,27.3509,-82.5484,0.0358,0.265591021,NA
637,26,38,"New Orleans LA, USA","Tampa, FL, USA",29.99838,-90.076114,27.9816,-82.4526,0.0639,0.287214173,NA
638,27,28,"Muscogee, GA, USA","St. Augustine, FL, USA",32.5223,-84.9341,29.9134,-81.317743,0.0791,0.301873073,NA
639,27,29,"Muscogee, GA, USA","Barberville, FL, USA",32.5223,-84.9341,29.1861,-81.4209,0.082,0.327057435,NA
640,27,30,"Muscogee, GA, USA","Daytona Beach, FL, USA",32.5223,-84.9341,29.2034,-81.0884,0.0854,0.342737884,NA
641,27,31,"Muscogee, GA, USA","Orlando, FL, USA",32.5223,-84.9341,28.5496,-81.3754,0.0909,0.344245104,NA
642,27,32,"Muscogee, GA, USA","Melbourne, FL, USA",32.5223,-84.9341,28.0785,-80.6838,0.0802,0.336586285,NA
643,27,33,"Muscogee, GA, USA","Rio, FL, USA",32.5223,-84.9341,27.2183,-80.24,0.053,0.273232311,NA
644,27,34,"Muscogee, GA, USA","Palm Beach County, FL, USA",32.5223,-84.9341,26.53,-80.0658,0.0781,0.319271695,NA
645,27,35,"Muscogee, GA, USA","Miami, FL, USA",32.5223,-84.9341,25.7753,-80.2089,0.0576,0.308929926,NA
646,27,36,"Muscogee, GA, USA","Fort Myers, FL, USA",32.5223,-84.9341,26.6398,-81.8745,0.0653,0.30877107,NA
647,27,37,"Muscogee, GA, USA","Sarasota, FL, USA",32.5223,-84.9341,27.3509,-82.5484,0.0444,0.272047289,NA
648,27,38,"Muscogee, GA, USA","Tampa, FL, USA",32.5223,-84.9341,27.9816,-82.4526,0.0726,0.316368426,NA
649,28,29,"St. Augustine, FL, USA","Barberville, FL, USA",29.9134,-81.317743,29.1861,-81.4209,0.0697,0.305597448,NA
650,28,30,"St. Augustine, FL, USA","Daytona Beach, FL, USA",29.9134,-81.317743,29.2034,-81.0884,0.0343,0.271446674,NA
651,28,31,"St. Augustine, FL, USA","Orlando, FL, USA",29.9134,-81.317743,28.5496,-81.3754,0.0287,0.274951339,NA
652,28,32,"St. Augustine, FL, USA","Melbourne, FL, USA",29.9134,-81.317743,28.0785,-80.6838,0.0309,0.25782426,NA
653,28,33,"St. Augustine, FL, USA","Rio, FL, USA",29.9134,-81.317743,27.2183,-80.24,0.0287,0.22519635,NA
654,28,34,"St. Augustine, FL, USA","Palm Beach County, FL, USA",29.9134,-81.317743,26.53,-80.0658,0.0334,0.23576096,NA
655,28,35,"St. Augustine, FL, USA","Miami, FL, USA",29.9134,-81.317743,25.7753,-80.2089,0.0182,0.229930258,NA
656,28,36,"St. Augustine, FL, USA","Fort Myers, FL, USA",29.9134,-81.317743,26.6398,-81.8745,0.0197,0.248165847,NA
657,28,37,"St. Augustine, FL, USA","Sarasota, FL, USA",29.9134,-81.317743,27.3509,-82.5484,0.0296,0.223538257,NA
658,28,38,"St. Augustine, FL, USA","Tampa, FL, USA",29.9134,-81.317743,27.9816,-82.4526,0.0311,0.254529063,NA
659,29,30,"Barberville, FL, USA","Daytona Beach, FL, USA",29.1861,-81.4209,29.2034,-81.0884,0.0911,0.302789225,NA
660,29,31,"Barberville, FL, USA","Orlando, FL, USA",29.1861,-81.4209,28.5496,-81.3754,0.0993,0.32300091,NA
661,29,32,"Barberville, FL, USA","Melbourne, FL, USA",29.1861,-81.4209,28.0785,-80.6838,0.0853,0.318379436,NA
662,29,33,"Barberville, FL, USA","Rio, FL, USA",29.1861,-81.4209,27.2183,-80.24,0.057,0.260493461,NA
663,29,34,"Barberville, FL, USA","Palm Beach County, FL, USA",29.1861,-81.4209,26.53,-80.0658,0.0743,0.280241,NA
664,29,35,"Barberville, FL, USA","Miami, FL, USA",29.1861,-81.4209,25.7753,-80.2089,0.0515,0.284337781,NA
665,29,36,"Barberville, FL, USA","Fort Myers, FL, USA",29.1861,-81.4209,26.6398,-81.8745,0.0977,0.322298179,NA
666,29,37,"Barberville, FL, USA","Sarasota, FL, USA",29.1861,-81.4209,27.3509,-82.5484,0.0304,0.243120977,NA
667,29,38,"Barberville, FL, USA","Tampa, FL, USA",29.1861,-81.4209,27.9816,-82.4526,0.0625,0.284631838,NA
668,30,31,"Daytona Beach, FL, USA","Orlando, FL, USA",29.2034,-81.0884,28.5496,-81.3754,0.0287,0.270067369,NA
669,30,32,"Daytona Beach, FL, USA","Melbourne, FL, USA",29.2034,-81.0884,28.0785,-80.6838,0.0423,0.290422256,NA
670,30,33,"Daytona Beach, FL, USA","Rio, FL, USA",29.2034,-81.0884,27.2183,-80.24,0.0262,0.24651234,NA
671,30,34,"Daytona Beach, FL, USA","Palm Beach County, FL, USA",29.2034,-81.0884,26.53,-80.0658,0.0222,0.244416639,NA
672,30,35,"Daytona Beach, FL, USA","Miami, FL, USA",29.2034,-81.0884,25.7753,-80.2089,0.0305,0.264295026,NA
673,30,36,"Daytona Beach, FL, USA","Fort Myers, FL, USA",29.2034,-81.0884,26.6398,-81.8745,0.0213,0.253233725,NA
674,30,37,"Daytona Beach, FL, USA","Sarasota, FL, USA",29.2034,-81.0884,27.3509,-82.5484,0.0365,0.248073214,NA
675,30,38,"Daytona Beach, FL, USA","Tampa, FL, USA",29.2034,-81.0884,27.9816,-82.4526,0.0501,0.292788711,NA
676,31,32,"Orlando, FL, USA","Melbourne, FL, USA",28.5496,-81.3754,28.0785,-80.6838,0.0388,0.274007458,NA
677,31,33,"Orlando, FL, USA","Rio, FL, USA",28.5496,-81.3754,27.2183,-80.24,0.0268,0.247845691,NA
678,31,34,"Orlando, FL, USA","Palm Beach County, FL, USA",28.5496,-81.3754,26.53,-80.0658,0.038,0.257836431,NA
679,31,35,"Orlando, FL, USA","Miami, FL, USA",28.5496,-81.3754,25.7753,-80.2089,0.036,0.25396038,NA
680,31,36,"Orlando, FL, USA","Fort Myers, FL, USA",28.5496,-81.3754,26.6398,-81.8745,0.0251,0.263933399,NA
681,31,37,"Orlando, FL, USA","Sarasota, FL, USA",28.5496,-81.3754,27.3509,-82.5484,0.0381,0.240267195,NA
682,31,38,"Orlando, FL, USA","Tampa, FL, USA",28.5496,-81.3754,27.9816,-82.4526,0.0391,0.270257287,NA
683,32,33,"Melbourne, FL, USA","Rio, FL, USA",28.0785,-80.6838,27.2183,-80.24,0.0331,0.232474269,NA
684,32,34,"Melbourne, FL, USA","Palm Beach County, FL, USA",28.0785,-80.6838,26.53,-80.0658,0.0295,0.228474375,NA
685,32,35,"Melbourne, FL, USA","Miami, FL, USA",28.0785,-80.6838,25.7753,-80.2089,0.0234,0.22351175,NA
686,32,36,"Melbourne, FL, USA","Fort Myers, FL, USA",28.0785,-80.6838,26.6398,-81.8745,0.0248,0.230554289,NA
687,32,37,"Melbourne, FL, USA","Sarasota, FL, USA",28.0785,-80.6838,27.3509,-82.5484,0.0379,0.234585105,NA
688,32,38,"Melbourne, FL, USA","Tampa, FL, USA",28.0785,-80.6838,27.9816,-82.4526,0.0284,0.222764643,NA
689,33,34,"Rio, FL, USA","Palm Beach County, FL, USA",27.2183,-80.24,26.53,-80.0658,0.0166,0.191417933,NA
690,33,35,"Rio, FL, USA","Miami, FL, USA",27.2183,-80.24,25.7753,-80.2089,0.0204,0.209785086,NA
691,33,36,"Rio, FL, USA","Fort Myers, FL, USA",27.2183,-80.24,26.6398,-81.8745,0.0206,0.220900772,NA
692,33,37,"Rio, FL, USA","Sarasota, FL, USA",27.2183,-80.24,27.3509,-82.5484,0.0251,0.210495058,NA
693,33,38,"Rio, FL, USA","Tampa, FL, USA",27.2183,-80.24,27.9816,-82.4526,0.0341,0.239638968,NA
694,34,35,"Palm Beach County, FL, USA","Miami, FL, USA",26.53,-80.0658,25.7753,-80.2089,0.0206,0.216987586,NA
695,34,36,"Palm Beach County, FL, USA","Fort Myers, FL, USA",26.53,-80.0658,26.6398,-81.8745,0.0161,0.193699495,NA
696,34,37,"Palm Beach County, FL, USA","Sarasota, FL, USA",26.53,-80.0658,27.3509,-82.5484,0.0334,0.213899297,NA
697,34,38,"Palm Beach County, FL, USA","Tampa, FL, USA",26.53,-80.0658,27.9816,-82.4526,0.0307,0.216196337,NA
698,35,36,"Miami, FL, USA","Fort Myers, FL, USA",25.7753,-80.2089,26.6398,-81.8745,0.017,0.22149876,NA
699,35,37,"Miami, FL, USA","Sarasota, FL, USA",25.7753,-80.2089,27.3509,-82.5484,0.0141,0.20650831,NA
700,35,38,"Miami, FL, USA","Tampa, FL, USA",25.7753,-80.2089,27.9816,-82.4526,0.0225,0.205905207,NA
701,36,37,"Fort Myers, FL, USA","Sarasota, FL, USA",26.6398,-81.8745,27.3509,-82.5484,0.0352,0.229542748,NA
702,36,38,"Fort Myers, FL, USA","Tampa, FL, USA",26.6398,-81.8745,27.9816,-82.4526,0.0256,0.205271899,NA
703,37,38,"Sarasota, FL, USA","Tampa, FL, USA",27.3509,-82.5484,27.9816,-82.4526,0.0342,0.22168839,NA